Image,X,Y,Z,Zoom,Pitch,Yaw,FH/BH+FH,SWLS,SW/BH,SW/IW,SW,FH/BH,FH/SW
Image_0001.jpg,0,91.6548,159.4,94,0,90,0.112195,-3.69879,0.225275,0.0640625,NOT YET,0.126374,0.560976
Image_0005.jpg,0,91.6548,158.2,94,0,90,0.11165,-4.01116,0.221311,0.0632813,NOT YET,0.125683,0.567901
Image_0006.jpg,0,91.6548,157.9,94,0,90,0.114078,-4.57971,0.224658,0.0640625,NOT YET,0.128767,0.573171
Image_0009.jpg,0,91.6548,157,94,0,90,0.113801,-4.46571,0.226776,0.0648438,NOT YET,0.128415,0.566265
Image_0010.jpg,0,91.6548,156.7,94,0,90,0.113801,-3.96234,0.229508,0.065625,NOT YET,0.128415,0.559524
Image_0011.jpg,0,91.6548,156.4,94,0,90,0.113527,-4.04685,0.223433,0.0640625,NOT YET,0.128065,0.573171
Image_0012.jpg,0,91.6548,156.1,94,0,90,0.111905,-3.98243,0.219839,0.0640625,NOT YET,0.126005,0.573171
Image_0013.jpg,0,91.6548,155.8,94,0,90,0.111905,-3.89003,0.22252,0.0648438,NOT YET,0.126005,0.566265
Image_0015.jpg,0,91.6548,155.2,94,0,90,0.109524,-3.76904,0.219251,0.0640625,NOT YET,0.122995,0.560976
Image_0016.jpg,0,91.6548,154.9,94,0,90,0.111639,-3.82516,0.221925,0.0648438,NOT YET,0.125668,0.566265
Image_0017.jpg,0,91.6548,154.6,94,0,90,0.111639,-3.99154,0.221925,0.0648438,NOT YET,0.125668,0.566265
Image_0018.jpg,0,91.6548,154.3,94,0,90,0.111374,-4.09602,0.221333,0.0648438,NOT YET,0.125333,0.566265
Image_0019.jpg,0,91.6548,154,94,0,90,0.113475,-3.59019,0.224,0.065625,NOT YET,0.128,0.571429
Image_0020.jpg,0,91.6548,153.7,94,0,90,0.113475,-3.89922,0.224,0.065625,NOT YET,0.128,0.571429
Image_0021.jpg,0,91.6548,153.4,94,0,90,0.115839,-4.23886,0.227273,0.0664062,NOT YET,0.131016,0.576471
Image_0022.jpg,0,91.6548,153.1,94,0,90,0.111888,-3.83627,0.220472,0.065625,NOT YET,0.125984,0.571429
Image_0023.jpg,0,91.6548,152.8,94,0,90,0.111888,-3.86511,0.220472,0.065625,NOT YET,0.125984,0.571429
Image_0024.jpg,0,91.6548,152.5,94,0,90,0.111888,-4.2617,0.223097,0.0664062,NOT YET,0.125984,0.564706
Image_0025.jpg,0,91.6548,152.2,94,0,90,0.109302,-3.76632,0.21671,0.0648438,NOT YET,0.122715,0.566265
Image_0026.jpg,0,91.6548,151.9,94,0,90,0.111628,-3.76744,0.219895,0.065625,NOT YET,0.125654,0.571429
Image_0027.jpg,0,91.6548,151.6,94,0,90,0.113689,-4.06824,0.225131,0.0671875,NOT YET,0.128272,0.569767
Image_0029.jpg,0.3,91.6548,151.3,94,0,90,0.111369,-3.53176,0.221932,0.0664062,NOT YET,0.125326,0.564706
Image_0030.jpg,0.6,91.6548,151.3,94,0,90,0.113689,-4.28749,0.225131,0.0671875,NOT YET,0.128272,0.569767
Image_0031.jpg,0.9,91.6548,151.3,94,0,90,0.113689,-3.97253,0.225131,0.0671875,NOT YET,0.128272,0.569767
Image_0033.jpg,1.5,91.6548,151.3,94,0,90,0.113689,-3.88835,0.225131,0.0671875,NOT YET,0.128272,0.569767
Image_0034.jpg,1.8,91.6548,151.3,94,0,90,0.111369,-3.76065,0.221932,0.0664062,NOT YET,0.125326,0.564706
Image_0035.jpg,2.1,91.6548,151.3,94,0,90,0.113689,-3.49225,0.225131,0.0671875,NOT YET,0.128272,0.569767
Image_0036.jpg,2.4,91.6548,151.3,94,0,90,0.113426,-3.9587,0.221932,0.0664062,NOT YET,0.127937,0.576471
Image_0038.jpg,3,91.6548,151.3,94,0,90,0.113689,-3.36841,0.225131,0.0671875,NOT YET,0.128272,0.569767
Image_0039.jpg,3.3,91.6548,151.3,94,0,90,0.113689,-3.64043,0.225131,0.0671875,NOT YET,0.128272,0.569767
Image_0040.jpg,3.6,91.6548,151.3,94,0,90,0.113689,-4.69795,0.225131,0.0671875,NOT YET,0.128272,0.569767
Image_0042.jpg,4.2,91.6548,151.3,94,0,90,0.115741,-3.73148,0.227749,0.0679687,NOT YET,0.13089,0.574713
Image_0045.jpg,5.1,91.6548,151.3,94,0,90,0.115741,-3.80699,0.227749,0.0679687,NOT YET,0.13089,0.574713
Image_0046.jpg,5.4,91.6548,151.3,94,0,90,0.113689,-4.37759,0.225131,0.0671875,NOT YET,0.128272,0.569767
Image_0047.jpg,5.7,91.6548,151.3,94,0,90,0.113426,-3.34641,0.224543,0.0671875,NOT YET,0.127937,0.569767
Image_0048.jpg,6,91.6548,151.3,94,0,90,0.113689,-3.87302,0.227749,0.0679687,NOT YET,0.128272,0.563218
Image_0050.jpg,6.6,91.6548,151.3,94,0,90,0.116009,-3.68386,0.230971,0.06875,NOT YET,0.131234,0.568182
Image_0051.jpg,6.9,91.6548,151.3,94,0,90,0.113689,-3.96358,0.227749,0.0679687,NOT YET,0.128272,0.563218
Image_0052.jpg,7.2,91.6548,151.3,94,0,90,0.113689,-4.10217,0.227749,0.0679687,NOT YET,0.128272,0.563218
Image_0054.jpg,7.8,91.6548,151.3,94,0,90,0.113689,-3.87124,0.227749,0.0679687,NOT YET,0.128272,0.563218
Image_0055.jpg,8.1,91.6548,151.3,94,0,90,0.111369,-3.89399,0.224543,0.0671875,NOT YET,0.125326,0.55814
Image_0056.jpg,8.4,91.6548,151.3,94,0,90,0.113426,-3.29164,0.224543,0.0671875,NOT YET,0.127937,0.569767
Image_0058.jpg,9,91.6548,151.3,94,0,90,0.113426,-3.88518,0.227154,0.0679687,NOT YET,0.127937,0.563218
Image_0059.jpg,9.3,91.6548,151.3,94,0,90,0.113426,-3.31785,0.227154,0.0679687,NOT YET,0.127937,0.563218
Image_0060.jpg,9.6,91.6548,151.3,94,0,90,0.111369,-3.6899,0.224543,0.0671875,NOT YET,0.125326,0.55814
Image_0061.jpg,9.9,91.6548,151.3,94,0,90,0.115741,-4.10834,0.230366,0.06875,NOT YET,0.13089,0.568182
Image_0063.jpg,10.5,91.6548,151.3,94,0,90,0.113689,-3.72487,0.230366,0.06875,NOT YET,0.128272,0.556818
Image_0064.jpg,10.8,91.6548,151.3,94,0,90,0.115741,-4.23894,0.230366,0.06875,NOT YET,0.13089,0.568182
Image_0065.jpg,11.1,91.6548,151.3,94,0,90,0.113426,-3.13577,0.227154,0.0679687,NOT YET,0.127937,0.563218
Image_0066.jpg,11.4,91.6548,151.3,94,0,90,0.113689,-3.73618,0.230366,0.06875,NOT YET,0.128272,0.556818
Image_0069.jpg,12.3,91.6548,151.3,94,0,90,0.115741,-3.87155,0.232984,0.0695312,NOT YET,0.13089,0.561798
Image_0070.jpg,12.6,91.6548,151.3,94,0,90,0.111369,-3.8411,0.227154,0.0679687,NOT YET,0.125326,0.551724
Image_0071.jpg,12.9,91.6548,151.3,94,0,90,0.115741,-3.6364,0.232984,0.0695312,NOT YET,0.13089,0.561798
Image_0072.jpg,13.2,91.6548,151.3,94,0,90,0.115741,-3.46458,0.232984,0.0695312,NOT YET,0.13089,0.561798
Image_0073.jpg,13.5,91.6548,151.3,94,0,90,0.115741,-4.10427,0.230366,0.06875,NOT YET,0.13089,0.568182
Image_0075.jpg,14.1,91.6548,151.3,94,0,90,0.111369,-3.58728,0.227154,0.0679687,NOT YET,0.125326,0.551724
Image_0076.jpg,14.4,91.6548,151.3,94,0,90,0.113426,-3.94708,0.227154,0.0679687,NOT YET,0.127937,0.563218
Image_0077.jpg,14.7,91.6548,151.3,94,0,90,0.115741,-3.57111,0.232984,0.0695312,NOT YET,0.13089,0.561798
Image_0079.jpg,15.3,91.6548,151.3,94,0,90,0.113426,-4.02722,0.229765,0.06875,NOT YET,0.127937,0.556818
Image_0080.jpg,15.6,91.6548,151.3,94,0,90,0.115741,-3.63775,0.232984,0.0695312,NOT YET,0.13089,0.561798
Image_0082.jpg,16.2,91.6548,151.3,94,0,90,0.115741,-4.16345,0.232984,0.0695312,NOT YET,0.13089,0.561798
Image_0083.jpg,16.5,91.6548,151.3,94,0,90,0.115741,-3.62326,0.235602,0.0703125,NOT YET,0.13089,0.555556
Image_0084.jpg,16.8,91.6548,151.3,94,0,90,0.115741,-3.59476,0.232984,0.0695312,NOT YET,0.13089,0.561798
Image_0085.jpg,17.1,91.6548,151.3,94,0,90,0.115741,-4.02528,0.232984,0.0695312,NOT YET,0.13089,0.561798
Image_0086.jpg,17.4,91.6548,151.3,94,0,90,0.113689,-3.66427,0.232984,0.0695312,NOT YET,0.128272,0.550562
Image_0088.jpg,18,91.6548,151.3,94,0,90,0.115741,-3.98936,0.235602,0.0703125,NOT YET,0.13089,0.555556
Image_0089.jpg,18.3,91.6548,151.3,94,0,90,0.115741,-3.74212,0.235602,0.0703125,NOT YET,0.13089,0.555556
Image_0090.jpg,18.6,91.6548,151.3,94,0,90,0.111369,-3.39108,0.229765,0.06875,NOT YET,0.125326,0.545455
Image_0091.jpg,18.9,91.6548,151.3,94,0,90,0.109049,-3.96036,0.226562,0.0679687,NOT YET,0.122396,0.54023
Image_0093.jpg,19.5,91.6548,151.3,94,0,90,0.115741,-3.53395,0.235602,0.0703125,NOT YET,0.13089,0.555556
Image_0094.jpg,19.8,91.6548,151.3,94,0,90,0.115741,-4.01729,0.235602,0.0703125,NOT YET,0.13089,0.555556
Image_0095.jpg,20.1,91.6548,151.3,94,0,90,0.111369,-3.1734,0.229765,0.06875,NOT YET,0.125326,0.545455
Image_0096.jpg,20.4,91.6548,151.3,94,0,90,0.111369,-3.51143,0.229765,0.06875,NOT YET,0.125326,0.545455
Image_0098.jpg,21,91.6548,151.3,94,0,90,0.115741,-3.42436,0.235602,0.0703125,NOT YET,0.13089,0.555556
Image_0100.jpg,21.6,91.6548,151.3,94,0,90,0.111111,-3.82676,0.229167,0.06875,NOT YET,0.125,0.545455
Image_0101.jpg,21.9,91.6548,151.3,94,0,90,0.113426,-3.01296,0.232376,0.0695312,NOT YET,0.127937,0.550562
Image_0102.jpg,22.2,91.6548,151.3,94,0,90,0.113426,-3.67611,0.232376,0.0695312,NOT YET,0.127937,0.550562
Image_0104.jpg,22.8,91.6548,151.3,94,0,90,0.113426,-2.9262,0.232376,0.0695312,NOT YET,0.127937,0.550562
Image_0105.jpg,23.1,91.6548,151.3,94,0,90,0.115741,-3.57737,0.23822,0.0710938,NOT YET,0.13089,0.549451
Image_0107.jpg,23.7,91.6548,151.3,94,0,90,0.115741,-3.4384,0.23822,0.0710938,NOT YET,0.13089,0.549451
Image_0108.jpg,24,91.6548,151.3,94,0,90,0.115741,-3.59627,0.23822,0.0710938,NOT YET,0.13089,0.549451
Image_0109.jpg,24.3,91.6548,151.3,94,0,90,0.115741,-3.78946,0.23822,0.0710938,NOT YET,0.13089,0.549451
Image_0110.jpg,24.6,91.6548,151.3,94,0,90,0.113689,-3.3863,0.23822,0.0710938,NOT YET,0.128272,0.538462
Image_0111.jpg,24.9,91.6548,151.3,94,0,90,0.113689,-3.50258,0.23822,0.0710938,NOT YET,0.128272,0.538462
Image_0113.jpg,25.5,91.6548,151.3,94,0,90,0.115741,-3.36261,0.23822,0.0710938,NOT YET,0.13089,0.549451
Image_0114.jpg,25.8,91.6548,151.3,94,0,90,0.113689,-3.46282,0.23822,0.0710938,NOT YET,0.128272,0.538462
Image_0115.jpg,26.1,91.6548,151.3,94,0,90,0.113426,-3.79074,0.234987,0.0703125,NOT YET,0.127937,0.544444
Image_0116.jpg,26.4,91.6548,151.3,94,0,90,0.115741,-3.37262,0.240838,0.071875,NOT YET,0.13089,0.543478
Image_0117.jpg,26.7,91.6548,151.3,94,0,90,0.116009,-3.64374,0.24147,0.071875,NOT YET,0.131234,0.543478
Image_0118.jpg,27,91.6548,151.3,94,0,90,0.111369,-3.73973,0.234987,0.0703125,NOT YET,0.125326,0.533333
Image_0119.jpg,27.3,91.6548,151.3,94,0,90,0.111369,-2.89696,0.234987,0.0703125,NOT YET,0.125326,0.533333
Image_0120.jpg,27.6,91.6548,151.3,94,0,90,0.115741,-3.43502,0.240838,0.071875,NOT YET,0.13089,0.543478
Image_0121.jpg,27.9,91.6548,151.3,94,0,90,0.109049,-3.7098,0.229167,0.06875,NOT YET,0.122396,0.534091
Image_0122.jpg,28.2,91.6548,151.3,94,0,90,0.115741,-3.80377,0.240838,0.071875,NOT YET,0.13089,0.543478
Image_0123.jpg,28.5,91.6548,151.3,94,0,90,0.115741,-3.45095,0.240838,0.071875,NOT YET,0.13089,0.543478
Image_0124.jpg,28.8,91.6548,151.3,94,0,90,0.111369,-3.47822,0.234987,0.0703125,NOT YET,0.125326,0.533333
Image_0125.jpg,29.1,91.6548,151.3,94,0,90,0.115741,-4.16984,0.240838,0.071875,NOT YET,0.13089,0.543478
Image_0126.jpg,29.4,91.6548,151.3,94,0,90,0.115741,-3.20011,0.240838,0.071875,NOT YET,0.13089,0.543478
Image_0128.jpg,30,91.6548,151.3,94,0,90,0.113426,-3.74801,0.237598,0.0710938,NOT YET,0.127937,0.538462
Image_0129.jpg,30.3,91.6548,151.3,94,0,90,0.111369,-2.94136,0.234987,0.0703125,NOT YET,0.125326,0.533333
Image_0130.jpg,30.6,91.6548,151.3,94,0,90,0.113689,-3.44045,0.240838,0.071875,NOT YET,0.128272,0.532609
Image_0131.jpg,30.6,91.9548,151.3,94,0,90,0.116279,-3.52332,0.247368,0.0734375,NOT YET,0.131579,0.531915
Image_0132.jpg,30.6,92.2548,151.3,94,0,90,0.111628,-3.48604,0.235602,0.0703125,NOT YET,0.125654,0.533333
Image_0133.jpg,30.6,92.5548,151.3,94,0,90,0.112903,-3.35076,0.238961,0.071875,NOT YET,0.127273,0.532609
Image_0134.jpg,30.6,92.8548,151.3,94,0,90,0.115207,-3.5286,0.242188,0.0726563,NOT YET,0.130208,0.537634
Image_0135.jpg,30.6,93.1548,151.3,94,0,90,0.113426,-3.48642,0.240209,0.071875,NOT YET,0.127937,0.532609
Image_0136.jpg,30.6,93.4548,151.3,94,0,90,0.111111,-3.26489,0.236979,0.0710938,NOT YET,0.125,0.527473
Image_0137.jpg,30.6,93.7548,151.3,94,0,90,0.113689,-3.44236,0.243455,0.0726563,NOT YET,0.128272,0.526882
Image_0138.jpg,30.6,94.0548,151.3,94,0,90,0.116009,-3.59948,0.244094,0.0726563,NOT YET,0.131234,0.537634
Image_0139.jpg,30.6,94.3548,151.3,94,0,90,0.113953,-3.31601,0.24147,0.071875,NOT YET,0.128609,0.532609
Image_0141.jpg,30.6,94.9548,151.3,94,0,90,0.113164,-3.44976,0.239583,0.071875,NOT YET,0.127604,0.532609
Image_0142.jpg,30.6,95.2548,151.3,94,0,90,0.115473,-3.46524,0.24282,0.0726563,NOT YET,0.130548,0.537634
Image_0143.jpg,30.6,95.5548,151.3,94,0,90,0.113426,-3.26595,0.240209,0.071875,NOT YET,0.127937,0.532609
Image_0145.jpg,30.6,96.1548,151.3,94,0,90,0.116009,-3.56075,0.244094,0.0726563,NOT YET,0.131234,0.537634
Image_0146.jpg,30.6,96.4548,151.3,94,0,90,0.113953,-3.14261,0.24147,0.071875,NOT YET,0.128609,0.532609
Image_0147.jpg,30.6,96.7549,151.3,94,0,90,0.110855,-3.34299,0.238961,0.071875,NOT YET,0.124675,0.521739
Image_0148.jpg,30.6,97.0549,151.3,94,0,90,0.112903,-3.54645,0.238961,0.071875,NOT YET,0.127273,0.532609
Image_0149.jpg,30.6,97.3549,151.3,94,0,90,0.115473,-3.28949,0.24282,0.0726563,NOT YET,0.130548,0.537634
Image_0150.jpg,30.6,97.6549,151.3,94,0,90,0.113426,-3.01666,0.24282,0.0726563,NOT YET,0.127937,0.526882
Image_0151.jpg,30.6,97.9549,151.3,94,0,90,0.111369,-3.6789,0.237598,0.0710938,NOT YET,0.125326,0.527473
Image_0152.jpg,30.6,98.2549,151.3,94,0,90,0.116009,-3.23078,0.244094,0.0726563,NOT YET,0.131234,0.537634
Image_0153.jpg,30.6,98.5549,151.3,94,0,90,0.116009,-3.18794,0.244094,0.0726563,NOT YET,0.131234,0.537634
Image_0154.jpg,30.6,98.8549,151.3,94,0,90,0.115207,-3.29676,0.247396,0.0742188,NOT YET,0.130208,0.526316
Image_0155.jpg,30.6,99.1549,151.3,94,0,90,0.110855,-3.08541,0.238961,0.071875,NOT YET,0.124675,0.521739
Image_0156.jpg,30.6,99.4549,151.3,94,0,90,0.113426,-2.79322,0.245431,0.0734375,NOT YET,0.127937,0.521277
Image_0157.jpg,30.6,99.7549,151.3,94,0,90,0.115741,-3.35617,0.248691,0.0742188,NOT YET,0.13089,0.526316
Image_0158.jpg,30.6,100.055,151.3,94,0,90,0.113689,-3.4137,0.243455,0.0726563,NOT YET,0.128272,0.526882
Image_0160.jpg,30.6,100.655,151.3,94,0,90,0.114943,-3.32988,0.246753,0.0742188,NOT YET,0.12987,0.526316
Image_0161.jpg,30.6,100.955,151.3,94,0,90,0.112903,-3.30454,0.241558,0.0726563,NOT YET,0.127273,0.526882
Image_0163.jpg,30.6,101.555,151.3,94,0,90,0.111111,-3.18313,0.239583,0.071875,NOT YET,0.125,0.521739
Image_0164.jpg,30.6,101.855,151.3,94,0,90,0.113426,-3.07239,0.24282,0.0726563,NOT YET,0.127937,0.526882
Image_0165.jpg,30.6,102.155,151.3,94,0,90,0.113689,-3.27794,0.246073,0.0734375,NOT YET,0.128272,0.521277
Image_0166.jpg,30.6,102.455,151.3,94,0,90,0.111628,-3.28456,0.240838,0.071875,NOT YET,0.125654,0.521739
Image_0167.jpg,30.6,102.755,151.3,94,0,90,0.114943,-3.11293,0.246753,0.0742188,NOT YET,0.12987,0.526316
Image_0168.jpg,30.6,103.055,151.3,94,0,90,0.115207,-3.17339,0.247396,0.0742188,NOT YET,0.130208,0.526316
Image_0169.jpg,30.6,103.355,151.3,94,0,90,0.115473,-2.80045,0.250653,0.075,NOT YET,0.130548,0.520833
Image_0170.jpg,30.6,103.655,151.3,94,0,90,0.111111,-3.14673,0.242188,0.0726563,NOT YET,0.125,0.516129
Image_0171.jpg,30.6,103.955,151.3,94,0,90,0.111111,-3.33081,0.239583,0.071875,NOT YET,0.125,0.521739
Image_0172.jpg,30.6,104.255,151.3,94,0,90,0.116009,-2.83908,0.251969,0.075,NOT YET,0.131234,0.520833
Image_0173.jpg,30.6,104.555,151.3,94,0,90,0.113953,-2.82844,0.246719,0.0734375,NOT YET,0.128609,0.521277
Image_0174.jpg,30.6,104.855,151.3,94,0,90,0.110599,-3.2624,0.240933,0.0726563,NOT YET,0.124352,0.516129
Image_0175.jpg,30.6,105.155,151.3,94,0,90,0.115207,-3.0191,0.25,0.075,NOT YET,0.130208,0.520833
Image_0176.jpg,30.6,105.455,151.3,94,0,90,0.115473,-2.91116,0.250653,0.075,NOT YET,0.130548,0.520833
Image_0177.jpg,30.6,105.755,151.3,94,0,90,0.115473,-3.09848,0.248042,0.0742188,NOT YET,0.130548,0.526316
Image_0178.jpg,30.6,106.055,151.3,94,0,90,0.115741,-2.83986,0.251309,0.075,NOT YET,0.13089,0.520833
Image_0179.jpg,30.6,106.355,151.3,94,0,90,0.111628,-2.84781,0.246073,0.0734375,NOT YET,0.125654,0.510638
Image_0180.jpg,30.6,106.655,151.3,94,0,90,0.116279,-2.97138,0.255263,0.0757812,NOT YET,0.131579,0.515464
Image_0181.jpg,30.6,106.955,151.3,94,0,90,0.114943,-2.85326,0.249351,0.075,NOT YET,0.12987,0.520833
Image_0182.jpg,30.6,107.255,151.3,94,0,90,0.112903,-3.01398,0.246753,0.0742188,NOT YET,0.127273,0.515789
Image_0183.jpg,30.6,107.555,151.3,94,0,90,0.111111,-2.74762,0.244792,0.0734375,NOT YET,0.125,0.510638
Image_0184.jpg,30.6,107.855,151.3,94,0,90,0.115473,-2.83319,0.250653,0.075,NOT YET,0.130548,0.520833
Image_0185.jpg,30.6,108.155,151.3,94,0,90,0.115741,-2.9924,0.251309,0.075,NOT YET,0.13089,0.520833
Image_0186.jpg,30.6,108.455,151.3,94,0,90,0.113689,-2.83563,0.248691,0.0742188,NOT YET,0.128272,0.515789
Image_0187.jpg,30.6,108.755,151.3,94,0,90,0.111628,-2.78946,0.246073,0.0734375,NOT YET,0.125654,0.510638
Image_0188.jpg,30.6,108.755,151,94,0,90,0.110345,-2.92983,0.242894,0.0734375,NOT YET,0.124031,0.510638
Image_0189.jpg,30.6,108.755,150.7,94,0,90,0.110345,-2.78626,0.245478,0.0742188,NOT YET,0.124031,0.505263
Image_0190.jpg,30.6,108.755,150.4,94,0,90,0.114679,-2.87829,0.251295,0.0757812,NOT YET,0.129534,0.515464
Image_0191.jpg,30.6,108.755,150.1,94,0,90,0.112128,-3.18804,0.244845,0.0742188,NOT YET,0.126289,0.515789
Image_0192.jpg,30.6,108.755,149.8,94,0,90,0.114155,-3.10339,0.247423,0.075,NOT YET,0.128866,0.520833
Image_0193.jpg,30.6,108.755,149.5,94,0,90,0.114416,-2.83347,0.250646,0.0757812,NOT YET,0.129199,0.515464
Image_0194.jpg,30.6,108.755,149.2,94,0,90,0.116438,-3.1201,0.25323,0.0765625,NOT YET,0.131783,0.520408
Image_0195.jpg,30.6,108.755,148.9,94,0,90,0.111872,-2.9162,0.244216,0.0742188,NOT YET,0.125964,0.515789
Image_0196.jpg,30.6,108.755,148.6,94,0,90,0.108352,-2.91793,0.237975,0.0734375,NOT YET,0.121519,0.510638
Image_0197.jpg,30.6,108.755,148.3,94,0,90,0.110609,-2.8405,0.243655,0.075,NOT YET,0.124365,0.510417
Image_0198.jpg,30.6,108.755,148,94,0,90,0.114865,-2.28267,0.251908,0.0773437,NOT YET,0.129771,0.515152
Image_0199.jpg,30.6,108.755,147.7,94,0,90,0.108108,-3.28079,0.237374,0.0734375,NOT YET,0.121212,0.510638
Image_0201.jpg,30.6,108.755,147.1,94,0,90,0.110112,-3.10586,0.239899,0.0742188,NOT YET,0.123737,0.515789
Image_0203.jpg,30.6,108.755,146.5,94,0,90,0.11435,-2.99043,0.250633,0.0773437,NOT YET,0.129114,0.515152
Image_0204.jpg,30.6,108.755,146.2,94,0,90,0.108647,-3.31108,0.236318,0.0742188,NOT YET,0.121891,0.515789
Image_0206.jpg,30.6,108.755,145.6,94,0,90,0.108647,-3.21747,0.241294,0.0757812,NOT YET,0.121891,0.505155
Image_0208.jpg,30.6,108.755,145,94,0,90,0.108407,-3.34242,0.238213,0.075,NOT YET,0.121588,0.510417
Image_0209.jpg,30.6,108.755,144.7,94,0,90,0.110619,-3.00139,0.243781,0.0765625,NOT YET,0.124378,0.510204
Image_0211.jpg,30.6,108.755,144.1,94,0,90,0.112335,-2.93617,0.243176,0.0765625,NOT YET,0.126551,0.520408
Image_0212.jpg,30.6,108.755,143.8,94,0,90,0.111111,-2.97847,0.242647,0.0773437,NOT YET,0.125,0.515152
Image_0214.jpg,30.6,108.755,143.2,94,0,90,0.113043,-3.09468,0.245098,0.078125,NOT YET,0.127451,0.52
Image_0216.jpg,30.6,108.755,142.6,94,0,90,0.110629,-3.28589,0.241463,0.0773437,NOT YET,0.12439,0.515152
Image_0218.jpg,30.6,108.755,142,94,0,90,0.112554,-3.521,0.243902,0.078125,NOT YET,0.126829,0.52
Image_0219.jpg,30.6,108.755,141.7,94,0,90,0.112554,-2.90668,0.243902,0.078125,NOT YET,0.126829,0.52
Image_0221.jpg,30.6,108.755,141.1,94,0,90,0.111111,-2.99545,0.240385,0.078125,NOT YET,0.125,0.52
Image_0222.jpg,30.6,108.755,140.8,94,0,90,0.113006,-2.99813,0.242788,0.0789063,NOT YET,0.127404,0.524752
Image_0223.jpg,30.6,108.755,140.5,94,0,90,0.113006,-3.18745,0.245192,0.0796875,NOT YET,0.127404,0.519608
Image_0224.jpg,30.6,108.755,140.2,94,0,90,0.110874,-2.98046,0.242206,0.0789063,NOT YET,0.1247,0.514852
Image_0225.jpg,30.6,108.755,139.9,94,0,90,0.108742,-3.17298,0.236842,0.0773437,NOT YET,0.12201,0.515152
Image_0226.jpg,30.6,108.755,139.6,94,0,90,0.110638,-3.58661,0.241627,0.0789063,NOT YET,0.124402,0.514852
Image_0227.jpg,30.6,108.755,139.3,94,0,90,0.107368,-3.47263,0.235849,0.078125,NOT YET,0.120283,0.51
Image_0229.jpg,30.6,108.755,138.7,94,0,90,0.111111,-3.01335,0.240566,0.0796875,NOT YET,0.125,0.519608
Image_0230.jpg,30.6,108.755,138.4,94,0,90,0.111111,-3.07906,0.238208,0.0789063,NOT YET,0.125,0.524752
Image_0231.jpg,30.6,108.755,138.1,94,0,90,0.106918,-3.23377,0.232394,0.0773437,NOT YET,0.119718,0.515152
Image_0232.jpg,30.6,108.755,137.8,94,0,90,0.109015,-2.86724,0.237647,0.0789063,NOT YET,0.122353,0.514852
Image_0233.jpg,30.6,108.755,137.5,94,0,90,0.108787,-3.01359,0.237089,0.0789063,NOT YET,0.122066,0.514852
Image_0234.jpg,30.6,108.755,137.2,94,0,90,0.10352,-4.05224,0.226328,0.0765625,NOT YET,0.115473,0.510204
Image_0236.jpg,30.6,108.755,136.6,94,0,90,0.107438,-3.0699,0.231481,0.078125,NOT YET,0.12037,0.52
Image_0237.jpg,30.6,108.755,136.3,94,0,90,0.109278,-2.81165,0.236111,0.0796875,NOT YET,0.122685,0.519608
Image_0238.jpg,30.6,108.755,136,94,0,90,0.109278,-3.36929,0.238426,0.0804688,NOT YET,0.122685,0.514563
Image_0239.jpg,30.6,108.755,135.7,94,0,90,0.109053,-3.28737,0.237875,0.0804688,NOT YET,0.122402,0.514563
Image_0240.jpg,30.6,108.755,135.4,94,0,90,0.110883,-3.43586,0.237875,0.0804688,NOT YET,0.124711,0.524272
Image_0241.jpg,30.6,108.755,135.1,94,0,90,0.105691,-3.29726,0.227273,0.078125,NOT YET,0.118182,0.52
Image_0242.jpg,30.6,108.755,134.8,94,0,90,0.111562,-2.87877,0.237443,0.08125,NOT YET,0.125571,0.528846
Image_0243.jpg,30.6,108.755,134.5,94,0,90,0.107505,-2.86413,0.231818,0.0796875,NOT YET,0.120455,0.519608
Image_0244.jpg,30.6,108.755,134.2,94,0,90,0.109312,-3.1437,0.234091,0.0804688,NOT YET,0.122727,0.524272
Image_0245.jpg,30.6,108.755,133.9,94,0,90,0.111336,-3.05202,0.23918,0.0820312,NOT YET,0.125285,0.52381
Image_0246.jpg,30.6,108.755,133.6,94,0,90,0.109312,-3.08353,0.236364,0.08125,NOT YET,0.122727,0.519231
Image_0248.jpg,30.6,108.755,133,94,0,90,0.104208,-3.4781,0.228188,0.0796875,NOT YET,0.116331,0.509804
Image_0249.jpg,30.6,108.755,132.7,94,0,90,0.106,-3.81917,0.228188,0.0796875,NOT YET,0.118568,0.519608
Image_0251.jpg,30.6,108.755,132.1,94,0,90,0.104,-3.78305,0.227679,0.0796875,NOT YET,0.116071,0.509804
Image_0252.jpg,30.6,108.755,131.8,94,0,90,0.107784,-2.87306,0.234899,0.0820312,NOT YET,0.120805,0.514286
Image_0253.jpg,30.6,108.755,131.5,94,0,90,0.109344,-3.20122,0.234375,0.0820312,NOT YET,0.122768,0.52381
Image_0258.jpg,30.6,108.755,130,94,0,90,0.107843,-3.39351,0.230769,0.0820312,NOT YET,0.120879,0.52381
Image_0259.jpg,30.6,108.755,129.7,94,0,90,0.105882,-3.40168,0.230263,0.0820312,NOT YET,0.118421,0.514286
Image_0260.jpg,30.6,108.755,129.4,94,0,90,0.110465,-3.64662,0.237473,0.0851562,NOT YET,0.124183,0.522936
Image_0261.jpg,30.6,108.755,129.1,94,0,90,0.102713,-3.25778,0.222462,0.0804688,NOT YET,0.114471,0.514563
Image_0263.jpg,30.6,108.755,128.5,94,0,90,0.108317,-3.39662,0.232104,0.0835937,NOT YET,0.121475,0.523364
Image_0264.jpg,30.6,108.755,128.2,94,0,90,0.106178,-3.2073,0.228942,0.0828125,NOT YET,0.11879,0.518868
Image_0266.jpg,30.6,108.755,127.6,94,0,90,0.105163,-3.12211,0.228632,0.0835937,NOT YET,0.117521,0.514019
Image_0267.jpg,30.6,108.755,127.3,94,0,90,0.104962,-3.73773,0.228145,0.0835937,NOT YET,0.117271,0.514019
Image_0268.jpg,30.6,108.755,127,94,0,90,0.104962,-4.17291,0.228145,0.0835937,NOT YET,0.117271,0.514019
Image_0269.jpg,30.6,108.755,126.7,94,0,90,0.104762,-3.76026,0.225532,0.0828125,NOT YET,0.117021,0.518868
Image_0271.jpg,30.6,108.755,126.1,94,0,90,0.104563,-3.46478,0.227176,0.0835937,NOT YET,0.116773,0.514019
Image_0272.jpg,30.6,108.755,125.8,94,0,90,0.103383,-3.19483,0.222222,0.0828125,NOT YET,0.115304,0.518868
Image_0273.jpg,30.6,108.755,125.5,94,0,90,0.105263,-3.64329,0.226891,0.084375,NOT YET,0.117647,0.518519
Image_0278.jpg,30.3,108.755,124.3,94,0,90,0.105751,-3.38923,0.228216,0.0859375,NOT YET,0.118257,0.518182
Image_0279.jpg,30,108.755,124.3,94,0,90,0.103896,-3.4037,0.225673,0.0851562,NOT YET,0.115942,0.513761
Image_0281.jpg,29.4,108.755,124.3,94,0,90,0.102041,-3.55819,0.221074,0.0835937,NOT YET,0.113636,0.514019
Image_0285.jpg,28.2,108.755,124.3,94,0,90,0.105751,-3.20322,0.226141,0.0851562,NOT YET,0.118257,0.522936
Image_0289.jpg,27,108.755,124.3,94,0,90,0.0853659,1.58443,0.313333,0.110156,NOT YET,0.0933333,0.297872
Image_0290.jpg,26.7,108.755,124.3,94,0,90,0.107407,-3.13429,0.228216,0.0859375,NOT YET,0.120332,0.527273
Image_0292.jpg,26.1,108.755,124.3,94,0,90,0.107407,-3.38412,0.224066,0.084375,NOT YET,0.120332,0.537037
Image_0293.jpg,25.8,108.755,124.3,94,0,90,0.107407,-3.45408,0.226141,0.0851562,NOT YET,0.120332,0.53211
Image_0294.jpg,25.5,108.755,124.3,94,0,90,0.102041,-3.33724,0.219008,0.0828125,NOT YET,0.113636,0.518868
Image_0295.jpg,25.2,108.755,124.3,94,0,90,0.109259,-3.60765,0.22869,0.0859375,NOT YET,0.122661,0.536364
Image_0296.jpg,24.9,108.755,124.3,94,0,90,0.103896,-3.62923,0.221532,0.0835937,NOT YET,0.115942,0.523364
Image_0297.jpg,24.6,108.755,124.3,94,0,90,0.105556,-3.53668,0.219462,0.0828125,NOT YET,0.118012,0.537736
Image_0302.jpg,23.7,109.355,124.3,94,0,90,0.105948,-3.7576,0.220374,0.0828125,NOT YET,0.118503,0.537736
Image_0305.jpg,23.7,110.255,124.3,94,0,90,0.110075,-3.34321,0.230608,0.0859375,NOT YET,0.12369,0.536364
Image_0307.jpg,23.7,110.855,124.3,94,0,90,0.104089,-3.63572,0.219917,0.0828125,NOT YET,0.116183,0.528302
Image_0308.jpg,23.7,111.155,124.3,94,0,90,0.104283,-3.93701,0.220374,0.0828125,NOT YET,0.116424,0.528302
Image_0309.jpg,23.7,111.455,124.3,94,0,90,0.106145,-3.95409,0.222917,0.0835937,NOT YET,0.11875,0.53271
Image_0312.jpg,23.7,112.355,124.3,94,0,90,0.107607,-3.10182,0.226611,0.0851562,NOT YET,0.120582,0.53211
Image_0319.jpg,23.7,112.055,122.5,94,0,90,0.10219,-3.80344,0.215447,0.0828125,NOT YET,0.113821,0.528302
Image_0320.jpg,23.7,111.755,122.5,94,0,90,0.103825,-4.03293,0.219512,0.084375,NOT YET,0.115854,0.527778
Image_0321.jpg,23.7,111.455,122.5,94,0,90,0.108257,-3.41549,0.228395,0.0867188,NOT YET,0.121399,0.531532
Image_0322.jpg,23.7,111.155,122.5,94,0,90,0.106227,-3.70742,0.223361,0.0851562,NOT YET,0.118852,0.53211
Image_0329.jpg,23.7,109.055,122.5,94,0,90,0.107861,-3.64537,0.22541,0.0859375,NOT YET,0.120902,0.536364
Image_0330.jpg,23.7,108.755,122.5,94,0,90,0.107468,-3.79445,0.222449,0.0851562,NOT YET,0.120408,0.541284
Image_0333.jpg,23.7,108.455,121.9,94,0,90,0.105455,-4.00624,0.219512,0.084375,NOT YET,0.117886,0.537037
Image_0334.jpg,23.7,108.455,121.6,94,0,90,0.107078,-3.37553,0.223577,0.0859375,NOT YET,0.119919,0.536364
Image_0335.jpg,23.7,108.455,121.3,94,0,90,0.103448,-3.56328,0.216599,0.0835937,NOT YET,0.115385,0.53271
Image_0340.jpg,23.7,107.555,120.4,94,0,90,0.107914,-3.10702,0.225806,0.0875,NOT YET,0.120968,0.535714
Image_0341.jpg,23.7,107.555,120.1,94,0,90,0.10772,-3.24142,0.22334,0.0867188,NOT YET,0.120724,0.540541
Image_0342.jpg,23.7,107.555,119.8,94,0,90,0.103203,-4.00984,0.214286,0.084375,NOT YET,0.115079,0.537037
Image_0344.jpg,23.7,107.555,119.2,94,0,90,0.101243,-3.69387,0.213439,0.084375,NOT YET,0.112648,0.527778
Image_0346.jpg,23.7,107.555,118.6,94,0,90,0.106195,-3.59324,0.219802,0.0867188,NOT YET,0.118812,0.540541
Image_0349.jpg,23.7,107.255,118,94,0,90,0.103147,-3.61927,0.214425,0.0859375,NOT YET,0.11501,0.536364
Image_0350.jpg,23.7,106.955,118,94,0,90,0.107394,-3.27318,0.22288,0.0882813,NOT YET,0.120316,0.539823
Image_0352.jpg,23.7,106.655,117.4,94,0,90,0.106087,-3.5077,0.219844,0.0882813,NOT YET,0.118677,0.539823
Image_0353.jpg,23.7,106.655,117.1,94,0,90,0.107639,-3.42044,0.22179,0.0890625,NOT YET,0.120623,0.54386
Image_0355.jpg,23.7,106.055,116.5,94,0,90,0.103627,-3.79076,0.213873,0.0867188,NOT YET,0.115607,0.540541
Image_0357.jpg,23.7,105.455,116.5,94,0,90,0.105903,-3.5962,0.219417,0.0882813,NOT YET,0.118447,0.539823
Image_0360.jpg,23.7,104.555,116.5,94,0,90,0.103806,-4.18417,0.214286,0.0867188,NOT YET,0.11583,0.540541
Image_0361.jpg,23.7,104.255,116.5,94,0,90,0.108621,-3.4976,0.222437,0.0898438,NOT YET,0.121857,0.547826
Image_0362.jpg,23.7,103.955,116.5,94,0,90,0.104167,-3.62756,0.215116,0.0867188,NOT YET,0.116279,0.540541
Image_0363.jpg,23.7,103.655,116.5,94,0,90,0.105719,-3.69587,0.217054,0.0875,NOT YET,0.118217,0.544643
Image_0367.jpg,23.7,102.455,116.5,94,0,90,0.105903,-3.91375,0.215534,0.0867188,NOT YET,0.118447,0.54955
Image_0369.jpg,23.7,102.455,115.9,94,0,90,0.10327,-3.60529,0.213052,0.0867188,NOT YET,0.115163,0.540541
Image_0370.jpg,23.7,102.155,115.9,94,0,90,0.104631,-3.88593,0.214559,0.0875,NOT YET,0.116858,0.544643
Image_0373.jpg,23.7,101.555,115.3,94,0,90,0.100855,-3.42155,0.211027,0.0867188,NOT YET,0.112167,0.531532
Image_0377.jpg,23.7,100.955,114.1,94,0,90,0.106599,-3.81357,0.217803,0.0898438,NOT YET,0.119318,0.547826
Image_0378.jpg,23.7,100.655,113.8,94,0,90,0.106239,-3.72698,0.215094,0.0890625,NOT YET,0.118868,0.552632
Image_0379.jpg,23.7,100.655,113.5,94,0,90,0.107744,-3.72873,0.216981,0.0898438,NOT YET,0.120755,0.556522
Image_0380.jpg,23.7,100.355,113.5,94,0,90,0.109244,-3.15257,0.220755,0.0914062,NOT YET,0.122642,0.555556
Image_0385.jpg,23.7,99.1549,113.2,94,0,90,0.107563,-3.49223,0.216573,0.0898438,NOT YET,0.120527,0.556522
Image_0386.jpg,23.7,98.8549,112.9,94,0,90,0.107383,-3.91793,0.216165,0.0898438,NOT YET,0.120301,0.556522
Image_0393.jpg,23.7,97.9549,111.7,94,0,90,0.105263,-3.91537,0.209559,0.0890625,NOT YET,0.117647,0.561404
Image_0394.jpg,23.7,97.9549,111.4,94,0,90,0.106908,-3.67896,0.21547,0.0914062,NOT YET,0.119705,0.555556
Image_0396.jpg,23.7,97.9549,110.8,94,0,90,0.104918,-3.39502,0.210623,0.0898438,NOT YET,0.117216,0.556522
Image_0412.jpg,23.7,94.9548,108.4,94,0,90,0.103668,-2.10228,0.206406,0.090625,NOT YET,0.115658,0.560345
Image_0414.jpg,23.7,94.9548,107.8,94,0,90,0.108108,-3.55375,0.213904,0.09375,NOT YET,0.121212,0.566667
Image_0416.jpg,23.7,94.9548,107.2,94,0,90,0.103774,-2.25819,0.203509,0.090625,NOT YET,0.115789,0.568965
Image_0418.jpg,23.7,94.9548,106.6,94,0,90,0.105181,-2.13913,0.208772,0.0929687,NOT YET,0.117544,0.563025
Image_0419.jpg,23.7,94.9548,106.3,94,0,90,0.103448,-1.75848,0.206294,0.0921875,NOT YET,0.115385,0.559322
Image_0420.jpg,23.7,94.9548,106,94,0,90,0.105426,-2.06161,0.207972,0.09375,NOT YET,0.117851,0.566667
Image_0421.jpg,23.7,94.9548,105.7,94,0,90,0.105263,-1.92019,0.205882,0.0929687,NOT YET,0.117647,0.571429
Image_0426.jpg,0,91,160,94,0.3,90,0.115196,-3.71773,0.229917,0.0648438,NOT YET,0.130194,0.566265
Image_0430.jpg,0,91,160,94,1.5,90,0.110024,-3.38855,0.222527,0.0632813,NOT YET,0.123626,0.555556
Image_0435.jpg,0,91.6,160,94,2.4,90,0.1133,-3.70685,0.230556,0.0648438,NOT YET,0.127778,0.554217
Image_0437.jpg,0,92.2,160,94,2.4,90,0.112195,-3.66086,0.225275,0.0640625,NOT YET,0.126374,0.560976
Image_0443.jpg,0,94,160,94,2.4,90,0.111922,-3.50455,0.227397,0.0648438,NOT YET,0.126027,0.554217
Image_0444.jpg,0,94.3,160,94,2.4,90,0.112195,-3.62462,0.230769,0.065625,NOT YET,0.126374,0.547619
Image_0447.jpg,0,95.2,160,94,2.4,90,0.112745,-3.22126,0.232044,0.065625,NOT YET,0.127072,0.547619
Image_0448.jpg,0,95.5,160,94,2.4,90,0.110565,-3.43703,0.226519,0.0640625,NOT YET,0.124309,0.548781
Image_0449.jpg,0,95.8,160,94,2.4,90,0.113022,-3.26019,0.232687,0.065625,NOT YET,0.127424,0.547619
Image_0452.jpg,0,96.7001,160,94,2.4,90,0.109756,-3.25886,0.224658,0.0640625,NOT YET,0.123288,0.548781
Image_0454.jpg,0,97.3001,160,94,2.4,90,0.112469,-3.25354,0.231405,0.065625,NOT YET,0.126722,0.547619
Image_0456.jpg,0,97.9001,160,94,2.4,90,0.110565,-3.36393,0.229282,0.0648438,NOT YET,0.124309,0.542169
Image_0457.jpg,0,98.2001,160,94,2.4,90,0.106796,-3.62147,0.217391,0.0625,NOT YET,0.119565,0.55
Image_0458.jpg,0,98.5001,160,94,2.4,90,0.111922,-3.39609,0.230137,0.065625,NOT YET,0.126027,0.547619
Image_0462.jpg,0,99.7001,160,94,2.4,90,0.110294,-2.74349,0.22865,0.0648438,NOT YET,0.123967,0.542169
Image_0463.jpg,0,100,160,94,2.4,90,0.11138,-3.36138,0.228883,0.065625,NOT YET,0.125341,0.547619
Image_0466.jpg,0,100.9,160,94,2.4,90,0.109489,-3.35302,0.224044,0.0640625,NOT YET,0.122951,0.548781
Image_0467.jpg,0,101.2,160,94,2.4,90,0.112195,-3.05107,0.230769,0.065625,NOT YET,0.126374,0.547619
Image_0468.jpg,0,101.5,160,94,2.4,90,0.112195,-3.23971,0.230769,0.065625,NOT YET,0.126374,0.547619
Image_0476.jpg,0,103.9,160,94,2.4,90,0.110024,-3.3184,0.228022,0.0648438,NOT YET,0.123626,0.542169
Image_0478.jpg,0,104.5,160,94,2.4,90,0.108959,-3.24373,0.225543,0.0648438,NOT YET,0.122283,0.542169
Image_0482.jpg,0,105.7,160,94,2.4,90,0.112195,-2.8671,0.233516,0.0664062,NOT YET,0.126374,0.541176
Image_0489.jpg,0,107.8,160,94,2.4,90,0.109756,-2.98581,0.232877,0.0664062,NOT YET,0.123288,0.529412
Image_0490.jpg,0,108.1,160,94,2.4,90,0.109756,-3.15716,0.230137,0.065625,NOT YET,0.123288,0.535714
Image_0495.jpg,0,109.6,160,94,2.4,90,0.109489,-2.62695,0.23224,0.0664062,NOT YET,0.122951,0.529412
Image_0498.jpg,0,110.5,160,94,2.4,90,0.110843,-3.10646,0.233062,0.0671875,NOT YET,0.124661,0.534884
Image_0506.jpg,0,112.9,160,94,2.4,90,0.110843,-2.90429,0.233062,0.0671875,NOT YET,0.124661,0.534884
Image_0509.jpg,0,113.8,160,94,2.4,90,0.11138,-2.96641,0.234332,0.0671875,NOT YET,0.125341,0.534884
Image_0511.jpg,0,114.4,160,94,2.4,90,0.110577,-2.60866,0.235135,0.0679687,NOT YET,0.124324,0.528736
Image_0514.jpg,0,115.3,160,94,2.4,90,0.108696,-2.75821,0.233062,0.0671875,NOT YET,0.121951,0.523256
Image_0524.jpg,0,116.2,157.9,94,2.4,90,0.112172,-2.44816,0.236559,0.06875,NOT YET,0.126344,0.534091
Image_0525.jpg,0,116.2,157.6,94,2.4,90,0.109785,-2.78981,0.233244,0.0679687,NOT YET,0.123324,0.528736
Image_0526.jpg,0,116.2,157.3,94,2.4,90,0.108491,-2.60276,0.232804,0.06875,NOT YET,0.121693,0.522727
Image_0531.jpg,0,116.5,156.1,94,2.4,90,0.110588,-2.54507,0.23545,0.0695312,NOT YET,0.124339,0.52809
Image_0532.jpg,0,116.8,156.1,94,2.4,90,0.110588,-2.97928,0.232804,0.06875,NOT YET,0.124339,0.534091
Image_0533.jpg,0,117.1,156.1,94,2.4,90,0.109557,-2.82148,0.230366,0.06875,NOT YET,0.123037,0.534091
Image_0537.jpg,0,118.3,156.1,94,2.4,90,0.110329,-2.64821,0.234829,0.0695312,NOT YET,0.124011,0.52809
Image_0539.jpg,0,118.9,156.1,94,2.4,90,0.110588,-2.70966,0.23545,0.0695312,NOT YET,0.124339,0.52809
Image_0540.jpg,0,119.2,156.1,94,2.4,90,0.109557,-2.72461,0.232984,0.0695312,NOT YET,0.123037,0.52809
Image_0542.jpg,0,119.8,156.1,94,2.4,90,0.109813,-2.64309,0.233596,0.0695312,NOT YET,0.12336,0.52809
Image_0544.jpg,0,120.4,156.1,94,2.4,90,0.11007,-2.68653,0.234211,0.0695312,NOT YET,0.123684,0.52809
Image_0545.jpg,0,120.7,156.1,94,2.4,90,0.110329,-2.67624,0.234829,0.0695312,NOT YET,0.124011,0.52809
Image_0548.jpg,0,121.6,156.1,94,2.4,90,0.109557,-2.7087,0.232984,0.0695312,NOT YET,0.123037,0.52809
Image_0549.jpg,0,121.9,156.1,94,2.4,90,0.107728,-2.18045,0.233596,0.0695312,NOT YET,0.120735,0.516854
Image_0550.jpg,0,122.2,156.1,94,2.4,90,0.11007,-2.73506,0.236842,0.0703125,NOT YET,0.123684,0.522222
Image_0553.jpg,0,123.1,156.1,94,2.4,90,0.109302,-2.89788,0.234987,0.0703125,NOT YET,0.122715,0.522222
Image_0554.jpg,0,123.4,156.1,94,2.4,90,0.109302,-2.23476,0.232376,0.0695312,NOT YET,0.122715,0.52809
Image_0557.jpg,0,124.3,156.1,94,2.4,90,0.11007,-2.21583,0.239474,0.0710938,NOT YET,0.123684,0.516484
Image_0558.jpg,0,124.6,156.1,94,2.4,90,0.11007,-2.77428,0.236842,0.0703125,NOT YET,0.123684,0.522222
Image_0562.jpg,0,125.8,156.1,94,2.4,90,0.111888,-2.24953,0.24147,0.071875,NOT YET,0.125984,0.521739
Image_0563.jpg,0,126.1,156.1,94,2.4,90,0.109813,-2.64548,0.238845,0.0710938,NOT YET,0.12336,0.516484
Image_0565.jpg,0,126.7,156.1,94,2.4,90,0.112412,-2.03477,0.242744,0.071875,NOT YET,0.126649,0.521739
Image_0566.jpg,0,127,156.1,94,2.4,90,0.111369,-1.87708,0.24282,0.0726563,NOT YET,0.125326,0.516129
Image_0572.jpg,0,128.8,156.1,94,2.4,90,0.108796,-1.69507,0.238961,0.071875,NOT YET,0.122078,0.51087
Image_0574.jpg,0,129.4,156.1,94,2.4,90,0.109049,-2.35848,0.239583,0.071875,NOT YET,0.122396,0.51087
Image_0578.jpg,0,130.6,156.1,94,2.4,90,0.11215,-1.47838,0.247368,0.0734375,NOT YET,0.126316,0.510638
Image_0579.jpg,0,130.9,156.1,94,2.4,90,0.108796,-2.01344,0.241558,0.0726563,NOT YET,0.122078,0.505376
Image_0581.jpg,0,131.5,156.1,94,2.4,90,0.109049,-1.97518,0.239583,0.071875,NOT YET,0.122396,0.51087
Image_0584.jpg,0,132.4,156.1,94,2.4,90,0.111888,-1.66683,0.246719,0.0734375,NOT YET,0.125984,0.510638
Image_0590.jpg,0,132.7,154.6,94,2.4,90,0.110345,-2.08581,0.24031,0.0726563,NOT YET,0.124031,0.516129
Image_0593.jpg,0,132.7,153.7,94,2.4,90,0.111364,-1.79609,0.245524,0.075,NOT YET,0.12532,0.510417
Image_0594.jpg,0,132.7,153.4,94,2.4,90,0.111364,-2.04764,0.245524,0.075,NOT YET,0.12532,0.510417
Image_0600.jpg,0,132.7,153.4,94,2.4,90,0.111364,-2.04764,0.245524,0.075,NOT YET,0.12532,0.510417
Image_0602.jpg,0,132.7,153.4,94,1.8,90,0.112903,-2.03502,0.249351,0.075,NOT YET,0.127273,0.510417
Image_0603.jpg,0,132.7,153.4,94,1.8,90.3,0.110599,-2.11439,0.243523,0.0734375,NOT YET,0.124352,0.510638
Image_0604.jpg,0,132.7,153.4,94,1.8,90.6,0.112903,-1.65877,0.246753,0.0742188,NOT YET,0.127273,0.515789
Image_0606.jpg,0,132.7,153.4,94,1.8,91.2,0.110599,-1.87598,0.240933,0.0726563,NOT YET,0.124352,0.516129
Image_0607.jpg,0,132.7,153.4,94,1.8,91.5,0.112903,-2.13709,0.246753,0.0742188,NOT YET,0.127273,0.515789
Image_0608.jpg,0,132.7,153.4,94,1.8,91.8,0.112903,-2.42547,0.246753,0.0742188,NOT YET,0.127273,0.515789
Image_0612.jpg,0,132.7,153.4,94,1.8,93,0.110599,-2.16497,0.240933,0.0726563,NOT YET,0.124352,0.516129
Image_0613.jpg,0,132.7,153.4,94,1.8,93.3,0.112903,-2.20091,0.246753,0.0742188,NOT YET,0.127273,0.515789
Image_0614.jpg,0,132.7,153.4,94,1.8,93.6,0.112903,-1.85568,0.246753,0.0742188,NOT YET,0.127273,0.515789
Image_0615.jpg,0,132.7,153.4,94,1.8,93.9,0.110599,-1.85001,0.240933,0.0726563,NOT YET,0.124352,0.516129
Image_0616.jpg,0,132.7,153.4,94,1.8,94.2,0.112903,-1.93354,0.246753,0.0742188,NOT YET,0.127273,0.515789
Image_0617.jpg,0,132.7,153.4,94,1.8,94.5,0.112903,-2.33033,0.246753,0.0742188,NOT YET,0.127273,0.515789
Image_0619.jpg,0,132.7,153.4,94,1.8,95.1001,0.112903,-2.28179,0.246753,0.0742188,NOT YET,0.127273,0.515789
Image_0623.jpg,0,132.7,153.4,94,1.8,96.3001,0.112903,-2.02492,0.246753,0.0742188,NOT YET,0.127273,0.515789
Image_0624.jpg,0,132.7,153.4,94,1.8,96.6001,0.112903,-2.03276,0.246753,0.0742188,NOT YET,0.127273,0.515789
Image_0626.jpg,0,132.7,153.4,94,1.8,97.2001,0.112644,-2.3847,0.243523,0.0734375,NOT YET,0.126943,0.521277
Image_0627.jpg,0,132.7,153.4,94,1.8,97.5001,0.110599,-1.63483,0.243523,0.0734375,NOT YET,0.124352,0.510638
Image_0628.jpg,0,132.7,153.4,94,1.8,97.8001,0.112644,-2.0651,0.243523,0.0734375,NOT YET,0.126943,0.521277
Image_0630.jpg,0,132.7,153.4,94,1.8,98.4001,0.112644,-2.21829,0.243523,0.0734375,NOT YET,0.126943,0.521277
Image_0631.jpg,0,132.7,153.4,94,1.8,98.7001,0.112644,-2.18186,0.243523,0.0734375,NOT YET,0.126943,0.521277
Image_0632.jpg,0,132.7,153.4,94,1.8,99.0001,0.112644,-2.26053,0.246114,0.0742188,NOT YET,0.126943,0.515789
Image_0634.jpg,0,132.7,153.4,94,1.8,99.6001,0.112644,-2.34766,0.246114,0.0742188,NOT YET,0.126943,0.515789
Image_0635.jpg,0,132.7,153.4,94,1.8,99.9001,0.112644,-2.04808,0.246114,0.0742188,NOT YET,0.126943,0.515789
Image_0640.jpg,0.3,132.7,153.4,94,1.8,101.1,0.114679,-1.9346,0.248705,0.075,NOT YET,0.129534,0.520833
Image_0642.jpg,0.9,132.7,153.4,94,1.8,101.1,0.114943,-1.82957,0.251948,0.0757812,NOT YET,0.12987,0.515464
Image_0646.jpg,2.1,132.7,153.4,94,1.8,101.1,0.112644,-2.08808,0.246114,0.0742188,NOT YET,0.126943,0.515789
Image_0649.jpg,3,132.7,153.4,94,1.8,101.1,0.114943,-1.9914,0.251948,0.0757812,NOT YET,0.12987,0.515464
Image_0651.jpg,3.6,132.7,153.4,94,1.8,101.1,0.110345,-1.80382,0.24031,0.0726563,NOT YET,0.124031,0.516129
Image_0656.jpg,5.1,132.7,153.4,94,1.8,101.1,0.112644,-1.72843,0.246114,0.0742188,NOT YET,0.126943,0.515789
Image_0657.jpg,5.4,132.7,153.4,94,1.8,101.1,0.112644,-1.76986,0.246114,0.0742188,NOT YET,0.126943,0.515789
Image_0660.jpg,6.3,132.7,153.4,94,1.8,101.1,0.112644,-2.00964,0.246114,0.0742188,NOT YET,0.126943,0.515789
Image_0661.jpg,6.6,132.7,153.4,94,1.8,101.1,0.110599,-2.02889,0.243523,0.0734375,NOT YET,0.124352,0.510638
Image_0665.jpg,7.8,132.7,153.4,94,1.8,101.1,0.112644,-1.76011,0.246114,0.0742188,NOT YET,0.126943,0.515789
Image_0669.jpg,9,132.7,153.4,94,1.8,101.1,0.114219,-1.88661,0.255263,0.0757812,NOT YET,0.128947,0.505155
Image_0671.jpg,9.6,132.7,153.4,94,1.8,101.1,0.114219,-1.985,0.252632,0.075,NOT YET,0.128947,0.510417
Image_0674.jpg,10.5,132.7,153.4,94,1.8,101.1,0.111888,-1.85331,0.246719,0.0734375,NOT YET,0.125984,0.510638
Image_0675.jpg,10.8,132.7,153.4,94,1.8,101.1,0.114219,-1.92321,0.252632,0.075,NOT YET,0.128947,0.510417
Image_0678.jpg,11.7,132.7,153.4,94,1.8,101.1,0.114219,-1.86564,0.252632,0.075,NOT YET,0.128947,0.510417
Image_0680.jpg,12.3,132.7,153.4,94,1.8,101.1,0.111888,-1.87373,0.246719,0.0734375,NOT YET,0.125984,0.510638
Image_0683.jpg,13.2,132.7,153.4,94,1.8,101.1,0.111888,-1.83542,0.246719,0.0734375,NOT YET,0.125984,0.510638
Image_0685.jpg,13.8,132.7,153.4,94,1.8,101.1,0.109813,-1.87201,0.246719,0.0734375,NOT YET,0.12336,0.5
Image_0686.jpg,14.1,132.7,153.4,94,1.8,101.1,0.114219,-1.86069,0.252632,0.075,NOT YET,0.128947,0.510417
Image_0687.jpg,14.4,132.7,153.4,94,1.8,101.1,0.111888,-2.02187,0.249344,0.0742188,NOT YET,0.125984,0.505263
Image_0689.jpg,15,132.7,153.4,94,1.8,101.1,0.11215,-1.83485,0.25,0.0742188,NOT YET,0.126316,0.505263
Image_0697.jpg,17.4,132.7,153.4,94,1.8,101.1,0.11215,-1.72408,0.252632,0.075,NOT YET,0.126316,0.5
Image_0699.jpg,18,132.7,153.4,94,1.8,101.1,0.11215,-1.92508,0.252632,0.075,NOT YET,0.126316,0.5
Image_0700.jpg,18.3,132.7,153.4,94,1.8,101.1,0.109813,-1.85133,0.244094,0.0726563,NOT YET,0.12336,0.505376
Image_0705.jpg,19.2,132.7,153.4,94,1.8,102.6,0.11215,-1.74538,0.252632,0.075,NOT YET,0.126316,0.5
Image_0706.jpg,19.5,132.7,153.4,94,1.8,102.6,0.11215,-1.69172,0.252632,0.075,NOT YET,0.126316,0.5
Image_0708.jpg,20.1,132.7,153.4,94,1.8,102.6,0.11215,-1.78368,0.252632,0.075,NOT YET,0.126316,0.5
Image_0709.jpg,20.1,132.7,153.4,94,1.8,102.9,0.107728,-1.70133,0.246719,0.0734375,NOT YET,0.120735,0.489362
Image_0711.jpg,20.1,132.7,153.4,94,1.8,103.5,0.11215,-1.96202,0.252632,0.075,NOT YET,0.126316,0.5
Image_0715.jpg,21,132.7,153.4,94,1.8,104.1,0.11215,-1.63778,0.252632,0.075,NOT YET,0.126316,0.5
Image_0716.jpg,21,132.7,153.4,94,1.8,104.4,0.11215,-1.70573,0.252632,0.075,NOT YET,0.126316,0.5
Image_0717.jpg,21.3,132.7,153.4,94,1.8,104.7,0.11215,-1.63506,0.252632,0.075,NOT YET,0.126316,0.5
Image_0718.jpg,21.6,132.7,153.4,94,1.8,104.7,0.11007,-1.7505,0.252632,0.075,NOT YET,0.123684,0.489583
Image_0719.jpg,21.6,132.7,153.4,94,1.8,105,0.109813,-1.63978,0.246719,0.0734375,NOT YET,0.12336,0.5
Image_0721.jpg,21.9,132.7,153.4,94,1.8,105.3,0.11215,-1.91673,0.252632,0.075,NOT YET,0.126316,0.5
Image_0723.jpg,22.2,132.7,153.4,94,1.8,105.6,0.11215,-1.73909,0.252632,0.075,NOT YET,0.126316,0.5
Image_0724.jpg,22.2,132.7,153.4,94,1.8,105.9,0.11007,-1.66773,0.252632,0.075,NOT YET,0.123684,0.489583
Image_0725.jpg,22.2,132.7,153.4,94,1.8,106.2,0.110855,-1.65626,0.249351,0.075,NOT YET,0.124675,0.5
Image_0727.jpg,22.8,132.7,153.4,94,1.8,106.2,0.109813,-1.66378,0.246719,0.0734375,NOT YET,0.12336,0.5
Image_0728.jpg,22.8,132.7,153.4,94,1.8,106.5,0.110855,-1.56907,0.249351,0.075,NOT YET,0.124675,0.5
Image_0729.jpg,22.8,132.7,153.4,94,1.8,106.8,0.110855,-1.63318,0.249351,0.075,NOT YET,0.124675,0.5
Image_0731.jpg,22.8,132.7,153.4,94,1.8,107.4,0.113164,-1.672,0.255208,0.0765625,NOT YET,0.127604,0.5
Image_0735.jpg,24,132.7,153.4,94,1.8,108,0.108545,-1.42021,0.246114,0.0742188,NOT YET,0.121762,0.494737
Image_0736.jpg,24,132.7,153.4,94,1.8,108.3,0.108545,-1.58596,0.246114,0.0742188,NOT YET,0.121762,0.494737
Image_0737.jpg,24,132.7,153.4,94,1.8,108.6,0.113164,-1.59619,0.257812,0.0773437,NOT YET,0.127604,0.494949
Image_0738.jpg,24,132.7,153.4,94,1.8,108.9,0.110855,-1.56144,0.251948,0.0757812,NOT YET,0.124675,0.494845
Image_0739.jpg,23.7,132.7,153.4,94,1.8,108.9,0.110855,-1.33941,0.251948,0.0757812,NOT YET,0.124675,0.494845
Image_0740.jpg,23.4,132.7,153.4,94,1.8,108.9,0.110855,-1.54983,0.251948,0.0757812,NOT YET,0.124675,0.494845
Image_0741.jpg,23.4,132.7,153.4,94,1.8,108.9,0.110855,-1.54983,0.251948,0.0757812,NOT YET,0.124675,0.494845
Image_0742.jpg,23.7,132.7,153.4,94,1.8,108.9,0.110855,-1.33941,0.251948,0.0757812,NOT YET,0.124675,0.494845
Image_0743.jpg,24,132.7,153.4,94,1.8,108.9,0.110855,-1.56144,0.251948,0.0757812,NOT YET,0.124675,0.494845
Image_0744.jpg,24.3,132.7,153.4,94,1.8,109.2,0.113164,-1.60519,0.257812,0.0773437,NOT YET,0.127604,0.494949
Image_0745.jpg,24.3,132.7,153.4,94,1.8,109.5,0.110855,-1.58161,0.251948,0.0757812,NOT YET,0.124675,0.494845
Image_0746.jpg,24,132.7,153.4,94,1.8,109.8,0.109589,-1.45547,0.248718,0.0757812,NOT YET,0.123077,0.494845
Image_0747.jpg,23.7,132.7,153.4,94,1.8,110.1,0.109589,-1.4445,0.251282,0.0765625,NOT YET,0.123077,0.489796
Image_0748.jpg,23.4,132.7,153.4,94,1.8,110.1,0.109589,-1.52644,0.251282,0.0765625,NOT YET,0.123077,0.489796
Image_0749.jpg,23.1,132.7,153.4,94,1.8,110.4,0.107306,-1.55815,0.245524,0.075,NOT YET,0.120205,0.489583
Image_0750.jpg,23.1,132.7,153.4,94,1.8,110.7,0.109339,-1.22186,0.248082,0.0757812,NOT YET,0.122762,0.494845
Image_0751.jpg,23.1,132.7,153.4,94,1.8,111,0.107306,-1.2567,0.248082,0.0757812,NOT YET,0.120205,0.484536
Image_0752.jpg,22.8,132.7,153.4,94,1.8,111,0.111617,-1.47599,0.253846,0.0773437,NOT YET,0.125641,0.494949
Image_0753.jpg,22.5,132.7,153.4,94,1.8,111,0.113895,-1.75275,0.25964,0.0789063,NOT YET,0.128535,0.49505
Image_0754.jpg,22.2,132.7,153.4,94,1.8,111,0.111617,-1.58802,0.253846,0.0773437,NOT YET,0.125641,0.494949
Image_0755.jpg,21.9,132.7,153.4,94,1.8,111,0.108108,-1.37116,0.244949,0.0757812,NOT YET,0.121212,0.494845
Image_0756.jpg,21.6,132.7,153.4,94,1.8,111,0.108108,-1.72076,0.244949,0.0757812,NOT YET,0.121212,0.494845
Image_0757.jpg,21.3,132.7,153.4,94,1.8,111,0.11036,-1.68494,0.253165,0.078125,NOT YET,0.124051,0.49
Image_0758.jpg,21,132.7,153.4,94,1.8,111,0.11036,-1.39257,0.250633,0.0773437,NOT YET,0.124051,0.494949
Image_0759.jpg,20.7,132.7,153.4,94,1.8,111,0.11036,-1.67733,0.253165,0.078125,NOT YET,0.124051,0.49
Image_0760.jpg,20.4,132.7,153.4,94,1.8,111,0.108108,-1.6921,0.247475,0.0765625,NOT YET,0.121212,0.489796
Image_0761.jpg,20.1,132.7,153.4,94,1.8,111,0.110112,-1.7243,0.25,0.0773437,NOT YET,0.123737,0.494949
Image_0762.jpg,20.1,132.7,153.4,94,1.8,110.7,0.11036,-1.47569,0.253165,0.078125,NOT YET,0.124051,0.49
Image_0763.jpg,20.1,132.7,153.4,94,1.8,110.4,0.108108,-1.24034,0.247475,0.0765625,NOT YET,0.121212,0.489796
Image_0765.jpg,20.1,132.7,153.4,94,1.8,109.8,0.113895,-2.22972,0.25964,0.0789063,NOT YET,0.128535,0.49505
Image_0766.jpg,20.1,132.7,153.4,94,1.8,109.5,0.113895,-2.02273,0.25964,0.0789063,NOT YET,0.128535,0.49505
Image_0767.jpg,20.1,132.7,153.4,94,1.8,109.2,0.111617,-1.43657,0.253846,0.0773437,NOT YET,0.125641,0.494949
Image_0768.jpg,20.1,132.7,153.4,94,1.8,108.9,0.109589,-1.51496,0.251282,0.0765625,NOT YET,0.123077,0.489796
Image_0769.jpg,20.1,132.7,153.4,94,1.8,108.6,0.111617,-1.92349,0.251282,0.0765625,NOT YET,0.125641,0.5
Image_0770.jpg,20.1,132.7,153.4,94,1.8,108.3,0.111617,-1.98814,0.251282,0.0765625,NOT YET,0.125641,0.5
Image_0771.jpg,20.1,132.7,153.4,94,1.8,108,0.110855,-1.65341,0.251948,0.0757812,NOT YET,0.124675,0.494845
Image_0772.jpg,20.1,132.7,153.4,94,1.8,107.7,0.110855,-1.78922,0.251948,0.0757812,NOT YET,0.124675,0.494845
Image_0773.jpg,20.1,132.7,153.4,94,1.8,107.4,0.110855,-2.06935,0.251948,0.0757812,NOT YET,0.124675,0.494845
Image_0774.jpg,20.1,132.7,153.4,94,1.8,107.1,0.110855,-1.83256,0.251948,0.0757812,NOT YET,0.124675,0.494845
Image_0777.jpg,20.1,132.7,153.4,94,1.8,106.2,0.110855,-1.78856,0.251948,0.0757812,NOT YET,0.124675,0.494845
Image_0778.jpg,20.1,132.7,153.4,94,1.8,105.9,0.108545,-1.65944,0.246114,0.0742188,NOT YET,0.121762,0.494737
Image_0779.jpg,20.1,132.7,153.4,94,1.8,105.6,0.108545,-1.4978,0.246114,0.0742188,NOT YET,0.121762,0.494737
Image_0780.jpg,20.1,132.7,153.4,94,1.8,105.3,0.11215,-1.54691,0.252632,0.075,NOT YET,0.126316,0.5
Image_0781.jpg,20.1,132.7,153.4,94,1.8,105,0.109813,-1.83359,0.246719,0.0734375,NOT YET,0.12336,0.5
Image_0783.jpg,20.1,132.7,153.4,94,1.8,104.4,0.11215,-1.72563,0.252632,0.075,NOT YET,0.126316,0.5
Image_0784.jpg,20.1,132.7,153.4,94,1.8,104.1,0.107728,-1.63214,0.244094,0.0726563,NOT YET,0.120735,0.494624
Image_0786.jpg,20.1,132.7,153.4,94,1.8,103.5,0.11215,-1.96202,0.252632,0.075,NOT YET,0.126316,0.5
Image_0788.jpg,20.1,132.7,153.4,94,1.8,102.9,0.107728,-1.70133,0.246719,0.0734375,NOT YET,0.120735,0.489362
Image_0789.jpg,20.1,132.7,153.4,94,1.8,102.6,0.11215,-1.78368,0.252632,0.075,NOT YET,0.126316,0.5
Image_0790.jpg,20.1,132.7,153.4,94,1.8,102.3,0.11007,-1.7445,0.25,0.0742188,NOT YET,0.123684,0.494737
Image_0793.jpg,20.1,132.7,153.4,94,1.8,101.4,0.113475,-1.72504,0.253333,0.0742188,NOT YET,0.128,0.505263
Image_0794.jpg,20.1,132.7,153.4,94,1.8,101.1,0.111111,-1.61566,0.25,0.0734375,NOT YET,0.125,0.5
Image_0798.jpg,20.1,132.7,153.4,94,1.8,99.9001,0.11215,-1.77084,0.25,0.0742188,NOT YET,0.126316,0.505263
Image_0802.jpg,20.1,132.7,153.4,94,1.8,98.7001,0.11215,-1.75019,0.252632,0.075,NOT YET,0.126316,0.5
Image_0804.jpg,20.1,132.7,153.4,94,1.8,98.1001,0.11007,-1.87437,0.252632,0.075,NOT YET,0.123684,0.489583
Image_0805.jpg,20.1,132.7,153.4,94,1.8,97.8001,0.11215,-2.12087,0.252632,0.075,NOT YET,0.126316,0.5
Image_0806.jpg,20.1,132.7,153.4,94,1.8,97.5001,0.11215,-1.77612,0.252632,0.075,NOT YET,0.126316,0.5
Image_0808.jpg,20.1,132.7,153.4,94,1.8,96.9001,0.107728,-1.80541,0.246719,0.0734375,NOT YET,0.120735,0.489362
Image_0809.jpg,20.1,132.7,153.4,94,1.8,96.6001,0.11215,-2.02298,0.252632,0.075,NOT YET,0.126316,0.5
Image_0810.jpg,20.1,132.7,153.4,94,1.8,96.3001,0.11215,-1.92499,0.252632,0.075,NOT YET,0.126316,0.5
Image_0811.jpg,20.1,132.7,153.4,94,1.8,96.0001,0.109813,-1.82022,0.246719,0.0734375,NOT YET,0.12336,0.5
Image_0813.jpg,20.1,132.7,153.4,94,1.8,95.4001,0.109813,-1.86222,0.249344,0.0742188,NOT YET,0.12336,0.494737
Image_0814.jpg,20.1,132.7,153.4,94,1.8,95.1001,0.11215,-1.78948,0.255263,0.0757812,NOT YET,0.126316,0.494845
Image_0817.jpg,20.1,132.7,153.4,94,1.2,94.8,0.112412,-1.69031,0.253298,0.075,NOT YET,0.126649,0.5
Image_0819.jpg,20.1,132.7,153.4,94,0.6,94.8,0.110588,-1.63154,0.251323,0.0742188,NOT YET,0.124339,0.494737
Image_0821.jpg,20.1,132.7,153.4,94,0,94.8,0.116667,-1.95417,0.261456,0.0757812,NOT YET,0.132075,0.505155
Image_0823.jpg,20.1,132.7,153.4,94,-0.6,94.8,0.117225,-1.94067,0.265583,0.0765625,NOT YET,0.132791,0.5
Image_0825.jpg,20.1,132.7,153.4,94,-1.2,94.8,0.115108,-2.21105,0.257453,0.0742188,NOT YET,0.130081,0.505263
Image_0826.jpg,20.1,132.7,153.4,94,-1.5,94.8,0.118357,-1.96439,0.265753,0.0757812,NOT YET,0.134247,0.505155
Image_0829.jpg,20.1,132.7,153.4,94,-2.4,94.8,0.121951,-2.10946,0.272222,0.0765625,NOT YET,0.138889,0.510204
Image_0830.jpg,20.1,132.7,153.4,94,-2.7,94.8,0.117936,-2.05293,0.261838,0.0734375,NOT YET,0.133705,0.510638
Image_0832.jpg,20.1,132.7,153.4,94,-3.3,94.8,0.123153,-2.07097,0.272472,0.0757812,NOT YET,0.140449,0.515464
Image_0834.jpg,20.1,132.7,153.4,94,-3.9,94.8,0.123457,-2.24474,0.273239,0.0757812,NOT YET,0.140845,0.515464
Image_0836.jpg,20.1,132.7,153.4,94,-4.5,94.8,0.123762,-2.24936,0.271186,0.075,NOT YET,0.141243,0.520833
Image_0837.jpg,20.1,132.7,153.4,94,-4.8,94.8,0.127182,-2.12797,0.28,0.0765625,NOT YET,0.145714,0.520408
Image_0838.jpg,20.1,132.7,153.4,94,-5.1,94.8,0.121588,-1.81565,0.265537,0.0734375,NOT YET,0.138418,0.521277
Image_0840.jpg,20.1,132.7,153.4,94,-5.7,94.8,0.126551,-2.65073,0.275568,0.0757812,NOT YET,0.144886,0.525773
Image_0841.jpg,20.1,132.7,153.4,94,-6,94.8,0.125,-2.11334,0.268571,0.0734375,NOT YET,0.142857,0.531915
Image_0844.jpg,20.1,132.7,153.4,94,-6.9,94.8,0.124051,-1.88875,0.271676,0.0734375,NOT YET,0.141618,0.521277
Image_0845.jpg,20.1,132.7,153.4,94,-7.2,94.8,0.128463,-2.12627,0.280347,0.0757812,NOT YET,0.147399,0.525773
Image_0846.jpg,20.1,132.7,153.4,94,-7.5,94.8,0.121827,-1.61707,0.265896,0.071875,NOT YET,0.138728,0.521739
Image_0847.jpg,20.1,132.7,153.4,94,-7.8,94.8,0.128788,-2.72717,0.281159,0.0757812,NOT YET,0.147826,0.525773
Image_0848.jpg,20.1,132.7,153.4,94,-8.1,94.8,0.126904,-1.76096,0.273256,0.0734375,NOT YET,0.145349,0.531915
Image_0849.jpg,20.1,132.7,153.4,94,-8.4,94.8,0.131313,-2.76063,0.281977,0.0757812,NOT YET,0.151163,0.536082
Image_0851.jpg,20.1,132.7,153.4,94,-9,94.8,0.131646,-2.69432,0.282799,0.0757812,NOT YET,0.151604,0.536082
Image_0852.jpg,20.1,132.7,153.4,94,-9.3,94.8,0.130102,-2.11378,0.278592,0.0742188,NOT YET,0.14956,0.536842
Image_0853.jpg,20.1,132.7,153.4,94,-9.6,94.8,0.131646,-2.12628,0.279883,0.075,NOT YET,0.151604,0.541667
Image_0854.jpg,20.1,132.7,153.4,94,-9.9,94.8,0.132653,-2.52274,0.282353,0.075,NOT YET,0.152941,0.541667
Image_0855.jpg,20.1,132.7,153.4,94,-10.2,94.8,0.13198,-2.10259,0.280702,0.075,NOT YET,0.152047,0.541667
Image_0856.jpg,20.1,132.7,153.4,94,-10.5,94.8,0.132992,-2.23641,0.283186,0.075,NOT YET,0.153392,0.541667
Image_0857.jpg,20.1,132.7,153.4,94,-10.8,94.8,0.132316,-2.43129,0.281525,0.075,NOT YET,0.152493,0.541667
Image_0858.jpg,20.1,132.7,153.4,94,-11.1,94.8,0.13555,-2.50956,0.284024,0.075,NOT YET,0.156805,0.552083
Image_0859.jpg,20.1,132.7,153.4,94,-11.4,94.8,0.132316,-2.49385,0.278592,0.0742188,NOT YET,0.152493,0.547368
Image_0860.jpg,20.1,132.7,153.4,94,-11.7,94.8,0.133333,-2.63287,0.281065,0.0742188,NOT YET,0.153846,0.547368
Image_0861.jpg,20.1,132.7,153.4,94,-12,94.8,0.135204,-2.61792,0.286136,0.0757812,NOT YET,0.156342,0.546392
Image_0862.jpg,20.1,132.7,153.4,94,-12.3,94.8,0.135897,-2.23901,0.284866,0.075,NOT YET,0.15727,0.552083
Image_0863.jpg,20.1,132.7,153.4,94,-12.6,94.8,0.137755,-2.61279,0.289941,0.0765625,NOT YET,0.159763,0.55102
Image_0864.jpg,20.1,132.7,153.4,94,-12.9,94.8,0.136247,-2.64095,0.285714,0.075,NOT YET,0.157738,0.552083
Image_0865.jpg,20.1,132.7,153.4,94,-13.2,94.8,0.140306,-2.86561,0.290801,0.0765625,NOT YET,0.163205,0.561224
Image_0866.jpg,20.1,132.7,153.4,94,-13.5,94.8,0.134518,-2.55424,0.278592,0.0742188,NOT YET,0.155425,0.557895
Image_0867.jpg,20.1,132.7,153.4,94,-13.8,94.8,0.138107,-2.57633,0.284866,0.075,NOT YET,0.160237,0.5625
Image_0868.jpg,20.1,132.7,153.4,94,-14.1,94.8,0.13486,-2.24786,0.282353,0.075,NOT YET,0.155882,0.552083
Image_0869.jpg,20.1,132.7,153.4,94,-14.4,94.8,0.140665,-2.32001,0.291667,0.0765625,NOT YET,0.16369,0.561224
Image_0870.jpg,20.1,132.7,153.4,94,-14.7,94.8,0.132316,-2.99418,0.27566,0.0734375,NOT YET,0.152493,0.553191
Image_0871.jpg,20.1,132.7,153.4,94,-15,94.8,0.135897,-2.67109,0.281899,0.0742188,NOT YET,0.15727,0.557895
Image_0872.jpg,20.1,132.7,153.4,94,-15.3,94.8,0.139949,-2.30188,0.286982,0.0757812,NOT YET,0.162722,0.56701
Image_0873.jpg,20.1,132.7,153.4,94,-15.6,94.8,0.140665,-2.62793,0.285714,0.075,NOT YET,0.16369,0.572917
Image_0874.jpg,20.1,132.7,153.4,94,-15.9,94.8,0.139949,-2.35098,0.284024,0.075,NOT YET,0.162722,0.572917
Image_0875.jpg,20.1,132.7,153.4,94,-16.2,94.8,0.138462,-2.52125,0.282738,0.0742188,NOT YET,0.160714,0.568421
Image_0876.jpg,20.1,132.7,153.4,94,-16.5,94.8,0.139949,-2.4334,0.284024,0.075,NOT YET,0.162722,0.572917
Image_0877.jpg,20.1,132.7,153.4,94,-16.8,94.8,0.139241,-2.02007,0.282353,0.075,NOT YET,0.161765,0.572917
Image_0878.jpg,20.1,132.7,153.4,94,-17.1,94.8,0.145038,-2.9777,0.291667,0.0765625,NOT YET,0.169643,0.581633
Image_0879.jpg,20.1,132.7,153.4,94,-17.4,94.8,0.139241,-2.76633,0.282353,0.075,NOT YET,0.161765,0.572917
Image_0882.jpg,20.1,132.7,153.4,94,-18.3,94.8,0.139949,-2.77254,0.281065,0.0742188,NOT YET,0.162722,0.578947
Image_0883.jpg,20.1,132.7,153.4,94,-18.6,94.8,0.143939,-2.50109,0.286136,0.0757812,NOT YET,0.168142,0.587629
Image_0884.jpg,20.1,132.7,153.4,94,-18.9,94.8,0.143216,-2.90365,0.284457,0.0757812,NOT YET,0.167155,0.587629
Image_0885.jpg,20.1,132.7,153.4,94,-19.2,94.8,0.148615,-2.70802,0.292899,0.0773437,NOT YET,0.174556,0.59596
Image_0886.jpg,20.1,132.7,153.4,94,-19.5,94.8,0.13602,-2.65331,0.276968,0.0742188,NOT YET,0.157434,0.568421
Image_0887.jpg,20.1,132.7,153.4,94,-19.8,94.8,0.141414,-3.00806,0.282353,0.075,NOT YET,0.164706,0.583333
Image_0888.jpg,20.1,132.7,153.4,94,-20.1,94.8,0.145363,-2.95574,0.28739,0.0765625,NOT YET,0.170088,0.591837
Image_0889.jpg,20.1,132.7,153.4,94,-20.4,94.8,0.146096,-3.12946,0.286136,0.0757812,NOT YET,0.171091,0.597938
Image_0890.jpg,20.1,132.7,153.4,94,-20.7,94.8,0.145,-2.90846,0.283626,0.0757812,NOT YET,0.169591,0.597938
Image_0891.jpg,20.1,132.7,153.1,94,-20.7,94.8,0.147132,-3.1096,0.28655,0.0765625,NOT YET,0.172515,0.602041
Image_0892.jpg,20.1,132.7,152.8,94,-20.7,94.8,0.149626,-2.93172,0.290323,0.0773437,NOT YET,0.175953,0.606061
Image_0893.jpg,20.1,132.7,152.5,94,-20.7,94.8,0.14,-2.25217,0.276163,0.0742188,NOT YET,0.162791,0.589474
Image_0894.jpg,20.1,132.7,152.2,94,-20.7,94.8,0.147132,-2.92391,0.28655,0.0765625,NOT YET,0.172515,0.602041
Image_0895.jpg,20.1,132.7,151.9,94,-20.7,94.8,0.149626,-2.42105,0.290323,0.0773437,NOT YET,0.175953,0.606061
Image_0896.jpg,20.1,132.7,151.6,94,-20.7,94.8,0.144963,-2.61084,0.281609,0.0765625,NOT YET,0.16954,0.602041
Image_0897.jpg,20.1,132.7,151.3,94,-20.7,94.8,0.144963,-3.02641,0.281609,0.0765625,NOT YET,0.16954,0.602041
Image_0898.jpg,20.1,132.7,151,94,-20.7,94.8,0.142506,-2.96267,0.277937,0.0757812,NOT YET,0.166189,0.597938
Image_0899.jpg,20.1,132.7,150.7,94,-20.7,94.8,0.144963,-2.90984,0.284483,0.0773437,NOT YET,0.16954,0.59596
Image_0900.jpg,20.1,132.7,150.4,94,-20.7,94.8,0.144608,-3.14272,0.280802,0.0765625,NOT YET,0.169054,0.602041
Image_0901.jpg,20.1,132.7,150.1,94,-20.7,94.8,0.140049,-3.07971,0.277143,0.0757812,NOT YET,0.162857,0.587629
Image_0902.jpg,20.1,132.7,149.8,94,-20.7,94.8,0.144608,-2.1841,0.283668,0.0773437,NOT YET,0.169054,0.59596
Image_0903.jpg,20.1,132.7,149.5,94,-20.7,94.8,0.146699,-2.62548,0.283668,0.0773437,NOT YET,0.17192,0.606061
Image_0904.jpg,20.1,132.7,149.2,94,-20.7,94.8,0.141809,-2.6889,0.276353,0.0757812,NOT YET,0.165242,0.597938
Image_0908.jpg,20.1,132.7,148,94,-20.7,94.8,0.144231,-3.17191,0.280899,0.078125,NOT YET,0.168539,0.6
Image_0909.jpg,20.1,132.7,147.7,94,-20.7,94.8,0.144231,-2.9671,0.280899,0.078125,NOT YET,0.168539,0.6
Image_0910.jpg,20.1,132.7,147.4,94,-20.7,94.8,0.146635,-2.81158,0.284507,0.0789063,NOT YET,0.171831,0.60396
Image_0911.jpg,20.1,132.7,147.1,94,-20.7,94.8,0.146283,-3.03771,0.283708,0.0789063,NOT YET,0.171348,0.60396
Image_0912.jpg,20.1,132.7,146.8,94,-20.7,94.8,0.143885,-2.4862,0.280112,0.078125,NOT YET,0.168067,0.6
Image_0913.jpg,20.1,132.7,146.5,94,-20.7,94.8,0.146283,-3.24211,0.283708,0.0789063,NOT YET,0.171348,0.60396
Image_0914.jpg,20.1,132.7,146.2,94,-20.7,94.8,0.148325,-3.02678,0.286517,0.0796875,NOT YET,0.174157,0.607843
Image_0915.jpg,20.1,132.7,145.9,94,-20.7,94.8,0.150358,-3.35135,0.286517,0.0796875,NOT YET,0.176966,0.617647
Image_0916.jpg,20.1,132.7,145.6,94,-20.7,94.8,0.143541,-3.38668,0.27933,0.078125,NOT YET,0.167598,0.6
Image_0917.jpg,20.1,132.7,145.3,94,-20.7,94.8,0.150358,-2.9132,0.289326,0.0804688,NOT YET,0.176966,0.61165
Image_0918.jpg,20.1,132.7,145,94,-20.7,94.8,0.152381,-3.13246,0.292135,0.08125,NOT YET,0.179775,0.615385
Image_0920.jpg,20.1,132.7,144.4,94,-20.7,94.8,0.148235,-2.91213,0.28453,0.0804688,NOT YET,0.174033,0.61165
Image_0921.jpg,20.1,132.7,144.1,94,-20.7,94.8,0.141509,-3.22998,0.277473,0.0789063,NOT YET,0.164835,0.594059
Image_0922.jpg,20.1,132.7,143.8,94,-20.7,94.8,0.143529,-2.80717,0.28022,0.0796875,NOT YET,0.167582,0.598039
Image_0923.jpg,20.1,132.7,143.5,94,-20.7,94.8,0.141176,-2.97699,0.276712,0.0789063,NOT YET,0.164384,0.594059
Image_0924.jpg,20.1,132.7,143.2,94,-20.7,94.8,0.143529,-2.98163,0.28022,0.0796875,NOT YET,0.167582,0.598039
Image_0925.jpg,20.1,132.7,142.9,94,-20.7,94.8,0.143192,-3.13728,0.287671,0.0820312,NOT YET,0.167123,0.580952
Image_0926.jpg,20.1,132.7,142.6,94,-20.7,94.8,0.143192,-2.80893,0.279452,0.0796875,NOT YET,0.167123,0.598039
Image_0927.jpg,20.1,132.7,142.3,94,-20.7,94.8,0.147196,-2.95126,0.282192,0.0804688,NOT YET,0.172603,0.61165
Image_0928.jpg,20.1,132.7,142,94,-20.7,94.8,0.142857,-3.01133,0.278689,0.0796875,NOT YET,0.166667,0.598039
Image_0930.jpg,20.1,132.7,141.4,94,-20.7,94.8,0.145161,-2.81801,0.277628,0.0804688,NOT YET,0.169811,0.61165
Image_0931.jpg,20.1,132.7,141.1,94,-20.7,94.8,0.142857,-3.36389,0.276882,0.0804688,NOT YET,0.166667,0.601942
Image_0932.jpg,20.1,132.7,140.8,94,-20.7,94.8,0.142857,-3.30009,0.276882,0.0804688,NOT YET,0.166667,0.601942
Image_0934.jpg,20.1,132.7,140.2,94,-20.7,94.8,0.147126,-3.15968,0.283019,0.0820312,NOT YET,0.172507,0.609524
Image_0936.jpg,20.1,132.7,139.6,94,-20.7,94.8,0.151376,-3.23229,0.289189,0.0835937,NOT YET,0.178378,0.616822
Image_0937.jpg,20.1,132.7,139.3,94,-20.7,94.8,0.15103,-2.71037,0.28841,0.0835937,NOT YET,0.177898,0.616822
Image_0938.jpg,20.1,132.7,139,94,-20.7,94.8,0.155251,-3.35362,0.291892,0.084375,NOT YET,0.183784,0.62963
Image_0939.jpg,20.1,132.7,138.7,94,-20.7,94.8,0.148741,-3.02245,0.284946,0.0828125,NOT YET,0.174731,0.613208
Image_0940.jpg,20.1,132.7,138.4,94,-20.7,94.8,0.146727,-2.99796,0.280423,0.0828125,NOT YET,0.171958,0.613208
Image_0941.jpg,20.1,132.7,138.1,94,-20.7,94.8,0.144796,-2.17488,0.291005,0.0859375,NOT YET,0.169312,0.581818
Image_0942.jpg,20.1,132.7,137.8,94,-20.7,94.8,0.142212,-3.03163,0.273684,0.08125,NOT YET,0.165789,0.605769
Image_0943.jpg,20.1,132.7,137.5,94,-20.7,94.8,0.118557,0.146109,0.385965,0.103125,NOT YET,0.134503,0.348485
Image_0944.jpg,20.1,132.7,137.2,94,-20.7,94.8,0.118863,0.124191,0.390029,0.103906,NOT YET,0.134897,0.345865
Image_0948.jpg,20.1,132.7,136,94,-20.7,94.8,0.111111,-0.250461,0.386628,0.103906,NOT YET,0.125,0.323308
Image_0949.jpg,20.1,132.7,135.7,94,-20.7,94.8,0.150224,-3.053,0.28496,0.084375,NOT YET,0.176781,0.62037
Image_0950.jpg,20.1,132.7,135.4,94,-20.7,94.8,0.14823,-2.70545,0.283117,0.0851562,NOT YET,0.174026,0.614679
Image_0951.jpg,20.1,132.7,135.1,94,-20.7,94.8,0.145695,-3.00915,0.276486,0.0835937,NOT YET,0.170543,0.616822
Image_0952.jpg,20.1,132.7,134.8,94,-20.7,94.8,0.147903,-2.52973,0.279793,0.084375,NOT YET,0.173575,0.62037
Image_0953.jpg,20.1,132.7,134.5,94,-20.7,94.8,0.117048,0.165442,0.389049,0.105469,NOT YET,0.132565,0.340741
Image_0954.jpg,20.1,132.7,134.2,94,-20.7,94.8,0.145695,-3.2534,0.27907,0.084375,NOT YET,0.170543,0.611111
Image_0955.jpg,20.1,132.7,133.9,94,-20.7,94.8,0.111675,-0.129005,0.385714,0.105469,NOT YET,0.125714,0.325926
Image_0956.jpg,20.1,132.7,133.6,94,-20.7,94.8,0.143488,-2.64666,0.286082,0.0867188,NOT YET,0.167526,0.585586
Image_0957.jpg,20.1,132.7,133.3,94,-20.7,94.8,0.147253,-2.57437,0.280928,0.0851562,NOT YET,0.17268,0.614679
Image_0958.jpg,20.1,132.7,133,94,-20.7,94.8,0.147253,-2.9313,0.280928,0.0851562,NOT YET,0.17268,0.614679
Image_0959.jpg,20.1,132.7,132.7,94,-20.7,94.8,0.143172,-3.06642,0.277635,0.084375,NOT YET,0.167095,0.601852
Image_0960.jpg,20.1,132.7,132.4,94,-20.7,94.8,0.141304,-3.16429,0.270886,0.0835937,NOT YET,0.164557,0.607477
Image_0961.jpg,20.1,132.7,132.1,94,-20.7,94.8,0.147186,-3.15458,0.27665,0.0851562,NOT YET,0.172589,0.623853
Image_0962.jpg,20.1,132.7,131.8,94,-20.7,94.8,0.114428,-0.0556202,0.38764,0.107813,NOT YET,0.129213,0.333333
Image_0963.jpg,20.1,132.7,131.5,94,-20.7,94.8,0.119403,0.1587,0.392655,0.108594,NOT YET,0.135593,0.345324
Image_0964.jpg,20.1,132.7,131.2,94,-20.7,94.8,0.140693,-3.08046,0.27204,0.084375,NOT YET,0.163728,0.601852
Image_0966.jpg,20.1,132.7,130.6,94,-20.7,94.8,0.148707,-3.15059,0.281013,0.0867188,NOT YET,0.174684,0.621622
Image_0967.jpg,20.1,132.7,130.3,94,-20.7,94.8,0.146552,-3.03423,0.277778,0.0859375,NOT YET,0.171717,0.618182
Image_0968.jpg,20.1,132.7,130,94,-20.7,94.8,0.144397,-2.68678,0.274559,0.0851562,NOT YET,0.168766,0.614679
Image_0969.jpg,20.1,132.7,129.7,94,-20.7,94.8,0.144681,-3.16854,0.283582,0.0890625,NOT YET,0.169154,0.596491
Image_0970.jpg,20.1,132.7,129.4,94,-20.7,94.8,0.119512,0.13743,0.390582,0.110156,NOT YET,0.135734,0.347518
Image_0971.jpg,20.1,132.7,129.1,94,-20.7,94.8,0.117359,-0.155528,0.390582,0.110156,NOT YET,0.132964,0.340426
Image_0973.jpg,20.1,132.7,128.5,94,-20.7,94.8,0.148305,-2.83644,0.278607,0.0875,NOT YET,0.174129,0.625
Image_0974.jpg,20.1,132.7,128.2,94,-20.7,94.8,0.146186,-3.07791,0.275434,0.0867188,NOT YET,0.171216,0.621622
Image_0975.jpg,20.1,132.7,127.9,94,-20.7,94.8,0.151899,-2.90663,0.283582,0.0890625,NOT YET,0.179104,0.631579
Image_0976.jpg,20.1,132.7,127.6,94,-20.7,94.8,0.119512,0.0288451,0.396122,0.111719,NOT YET,0.135734,0.342657
Image_0978.jpg,20.1,132.7,127,94,-20.7,94.8,0.148225,-2.8277,0.289216,0.0921875,NOT YET,0.17402,0.601695
Image_0979.jpg,20.1,132.7,126.7,94,-20.7,94.8,0.117225,-0.119778,0.390244,0.1125,NOT YET,0.132791,0.340278
Image_0981.jpg,20.1,132.7,126.1,94,-20.7,94.8,0.14375,-3.10087,0.282238,0.090625,NOT YET,0.167883,0.594828
Image_0984.jpg,20.1,132.7,125.2,94,-20.7,94.8,0.149068,-2.82006,0.279805,0.0898438,NOT YET,0.175182,0.626087
Image_0986.jpg,20.1,132.7,124.6,94,-20.7,94.8,0.143154,-2.94626,0.276029,0.0890625,NOT YET,0.16707,0.605263
Image_0987.jpg,20.1,132.7,124.3,94,-20.7,94.8,0.147239,-3.07145,0.275779,0.0898438,NOT YET,0.172662,0.626087
Image_0989.jpg,20.1,132.7,123.7,94,-20.7,94.8,0.115023,-0.141367,0.387268,0.114063,NOT YET,0.129973,0.335616
Image_0990.jpg,20.1,132.7,123.4,94,-20.7,94.8,0.152749,-3.32967,0.283654,0.0921875,NOT YET,0.180288,0.635593
Image_0991.jpg,20.1,132.7,123.1,94,-20.7,94.8,0.152439,-3.57083,0.282974,0.0921875,NOT YET,0.179856,0.635593
Image_0992.jpg,20.1,132.7,122.8,94,-20.7,94.8,0.152439,-3.21483,0.285372,0.0929687,NOT YET,0.179856,0.630252
