Image,X,Y,Z,Zoom,Pitch,Yaw
Image_0000.jpg,0,91.6548,159.7,94,0,90
Image_0001.jpg,0,91.6548,159.4,94,0,90
Image_0002.jpg,0,91.6548,159.1,94,0,90
Image_0003.jpg,0,91.6548,158.8,94,0,90
Image_0004.jpg,0,91.6548,158.5,94,0,90
Image_0005.jpg,0,91.6548,158.2,94,0,90
Image_0006.jpg,0,91.6548,157.9,94,0,90
Image_0007.jpg,0,91.6548,157.6,94,0,90
Image_0008.jpg,0,91.6548,157.3,94,0,90
Image_0009.jpg,0,91.6548,157,94,0,90
Image_0010.jpg,0,91.6548,156.7,94,0,90
Image_0011.jpg,0,91.6548,156.4,94,0,90
Image_0012.jpg,0,91.6548,156.1,94,0,90
Image_0013.jpg,0,91.6548,155.8,94,0,90
Image_0014.jpg,0,91.6548,155.5,94,0,90
Image_0015.jpg,0,91.6548,155.2,94,0,90
Image_0016.jpg,0,91.6548,154.9,94,0,90
Image_0017.jpg,0,91.6548,154.6,94,0,90
Image_0018.jpg,0,91.6548,154.3,94,0,90
Image_0019.jpg,0,91.6548,154,94,0,90
Image_0020.jpg,0,91.6548,153.7,94,0,90
Image_0021.jpg,0,91.6548,153.4,94,0,90
Image_0022.jpg,0,91.6548,153.1,94,0,90
Image_0023.jpg,0,91.6548,152.8,94,0,90
Image_0024.jpg,0,91.6548,152.5,94,0,90
Image_0025.jpg,0,91.6548,152.2,94,0,90
Image_0026.jpg,0,91.6548,151.9,94,0,90
Image_0027.jpg,0,91.6548,151.6,94,0,90
Image_0028.jpg,0,91.6548,151.3,94,0,90
Image_0029.jpg,0.3,91.6548,151.3,94,0,90
Image_0030.jpg,0.6,91.6548,151.3,94,0,90
Image_0031.jpg,0.9,91.6548,151.3,94,0,90
Image_0032.jpg,1.2,91.6548,151.3,94,0,90
Image_0033.jpg,1.5,91.6548,151.3,94,0,90
Image_0034.jpg,1.8,91.6548,151.3,94,0,90
Image_0035.jpg,2.1,91.6548,151.3,94,0,90
Image_0036.jpg,2.4,91.6548,151.3,94,0,90
Image_0037.jpg,2.7,91.6548,151.3,94,0,90
Image_0038.jpg,3,91.6548,151.3,94,0,90
Image_0039.jpg,3.3,91.6548,151.3,94,0,90
Image_0040.jpg,3.6,91.6548,151.3,94,0,90
Image_0041.jpg,3.9,91.6548,151.3,94,0,90
Image_0042.jpg,4.2,91.6548,151.3,94,0,90
Image_0043.jpg,4.5,91.6548,151.3,94,0,90
Image_0044.jpg,4.8,91.6548,151.3,94,0,90
Image_0045.jpg,5.1,91.6548,151.3,94,0,90
Image_0046.jpg,5.4,91.6548,151.3,94,0,90
Image_0047.jpg,5.7,91.6548,151.3,94,0,90
Image_0048.jpg,6,91.6548,151.3,94,0,90
Image_0049.jpg,6.3,91.6548,151.3,94,0,90
Image_0050.jpg,6.6,91.6548,151.3,94,0,90
Image_0051.jpg,6.9,91.6548,151.3,94,0,90
Image_0052.jpg,7.2,91.6548,151.3,94,0,90
Image_0053.jpg,7.5,91.6548,151.3,94,0,90
Image_0054.jpg,7.8,91.6548,151.3,94,0,90
Image_0055.jpg,8.1,91.6548,151.3,94,0,90
Image_0056.jpg,8.4,91.6548,151.3,94,0,90
Image_0057.jpg,8.7,91.6548,151.3,94,0,90
Image_0058.jpg,9,91.6548,151.3,94,0,90
Image_0059.jpg,9.3,91.6548,151.3,94,0,90
Image_0060.jpg,9.6,91.6548,151.3,94,0,90
Image_0061.jpg,9.9,91.6548,151.3,94,0,90
Image_0062.jpg,10.2,91.6548,151.3,94,0,90
Image_0063.jpg,10.5,91.6548,151.3,94,0,90
Image_0064.jpg,10.8,91.6548,151.3,94,0,90
Image_0065.jpg,11.1,91.6548,151.3,94,0,90
Image_0066.jpg,11.4,91.6548,151.3,94,0,90
Image_0067.jpg,11.7,91.6548,151.3,94,0,90
Image_0068.jpg,12,91.6548,151.3,94,0,90
Image_0069.jpg,12.3,91.6548,151.3,94,0,90
Image_0070.jpg,12.6,91.6548,151.3,94,0,90
Image_0071.jpg,12.9,91.6548,151.3,94,0,90
Image_0072.jpg,13.2,91.6548,151.3,94,0,90
Image_0073.jpg,13.5,91.6548,151.3,94,0,90
Image_0074.jpg,13.8,91.6548,151.3,94,0,90
Image_0075.jpg,14.1,91.6548,151.3,94,0,90
Image_0076.jpg,14.4,91.6548,151.3,94,0,90
Image_0077.jpg,14.7,91.6548,151.3,94,0,90
Image_0078.jpg,15,91.6548,151.3,94,0,90
Image_0079.jpg,15.3,91.6548,151.3,94,0,90
Image_0080.jpg,15.6,91.6548,151.3,94,0,90
Image_0081.jpg,15.9,91.6548,151.3,94,0,90
Image_0082.jpg,16.2,91.6548,151.3,94,0,90
Image_0083.jpg,16.5,91.6548,151.3,94,0,90
Image_0084.jpg,16.8,91.6548,151.3,94,0,90
Image_0085.jpg,17.1,91.6548,151.3,94,0,90
Image_0086.jpg,17.4,91.6548,151.3,94,0,90
Image_0087.jpg,17.7,91.6548,151.3,94,0,90
Image_0088.jpg,18,91.6548,151.3,94,0,90
Image_0089.jpg,18.3,91.6548,151.3,94,0,90
Image_0090.jpg,18.6,91.6548,151.3,94,0,90
Image_0091.jpg,18.9,91.6548,151.3,94,0,90
Image_0092.jpg,19.2,91.6548,151.3,94,0,90
Image_0093.jpg,19.5,91.6548,151.3,94,0,90
Image_0094.jpg,19.8,91.6548,151.3,94,0,90
Image_0095.jpg,20.1,91.6548,151.3,94,0,90
Image_0096.jpg,20.4,91.6548,151.3,94,0,90
Image_0097.jpg,20.7,91.6548,151.3,94,0,90
Image_0098.jpg,21,91.6548,151.3,94,0,90
Image_0099.jpg,21.3,91.6548,151.3,94,0,90
Image_0100.jpg,21.6,91.6548,151.3,94,0,90
Image_0101.jpg,21.9,91.6548,151.3,94,0,90
Image_0102.jpg,22.2,91.6548,151.3,94,0,90
Image_0103.jpg,22.5,91.6548,151.3,94,0,90
Image_0104.jpg,22.8,91.6548,151.3,94,0,90
Image_0105.jpg,23.1,91.6548,151.3,94,0,90
Image_0106.jpg,23.4,91.6548,151.3,94,0,90
Image_0107.jpg,23.7,91.6548,151.3,94,0,90
Image_0108.jpg,24,91.6548,151.3,94,0,90
Image_0109.jpg,24.3,91.6548,151.3,94,0,90
Image_0110.jpg,24.6,91.6548,151.3,94,0,90
Image_0111.jpg,24.9,91.6548,151.3,94,0,90
Image_0112.jpg,25.2,91.6548,151.3,94,0,90
Image_0113.jpg,25.5,91.6548,151.3,94,0,90
Image_0114.jpg,25.8,91.6548,151.3,94,0,90
Image_0115.jpg,26.1,91.6548,151.3,94,0,90
Image_0116.jpg,26.4,91.6548,151.3,94,0,90
Image_0117.jpg,26.7,91.6548,151.3,94,0,90
Image_0118.jpg,27,91.6548,151.3,94,0,90
Image_0119.jpg,27.3,91.6548,151.3,94,0,90
Image_0120.jpg,27.6,91.6548,151.3,94,0,90
Image_0121.jpg,27.9,91.6548,151.3,94,0,90
Image_0122.jpg,28.2,91.6548,151.3,94,0,90
Image_0123.jpg,28.5,91.6548,151.3,94,0,90
Image_0124.jpg,28.8,91.6548,151.3,94,0,90
Image_0125.jpg,29.1,91.6548,151.3,94,0,90
Image_0126.jpg,29.4,91.6548,151.3,94,0,90
Image_0127.jpg,29.7,91.6548,151.3,94,0,90
Image_0128.jpg,30,91.6548,151.3,94,0,90
Image_0129.jpg,30.3,91.6548,151.3,94,0,90
Image_0130.jpg,30.6,91.6548,151.3,94,0,90
Image_0131.jpg,30.6,91.9548,151.3,94,0,90
Image_0132.jpg,30.6,92.2548,151.3,94,0,90
Image_0133.jpg,30.6,92.5548,151.3,94,0,90
Image_0134.jpg,30.6,92.8548,151.3,94,0,90
Image_0135.jpg,30.6,93.1548,151.3,94,0,90
Image_0136.jpg,30.6,93.4548,151.3,94,0,90
Image_0137.jpg,30.6,93.7548,151.3,94,0,90
Image_0138.jpg,30.6,94.0548,151.3,94,0,90
Image_0139.jpg,30.6,94.3548,151.3,94,0,90
Image_0140.jpg,30.6,94.6548,151.3,94,0,90
Image_0141.jpg,30.6,94.9548,151.3,94,0,90
Image_0142.jpg,30.6,95.2548,151.3,94,0,90
Image_0143.jpg,30.6,95.5548,151.3,94,0,90
Image_0144.jpg,30.6,95.8548,151.3,94,0,90
Image_0145.jpg,30.6,96.1548,151.3,94,0,90
Image_0146.jpg,30.6,96.4548,151.3,94,0,90
Image_0147.jpg,30.6,96.7549,151.3,94,0,90
Image_0148.jpg,30.6,97.0549,151.3,94,0,90
Image_0149.jpg,30.6,97.3549,151.3,94,0,90
Image_0150.jpg,30.6,97.6549,151.3,94,0,90
Image_0151.jpg,30.6,97.9549,151.3,94,0,90
Image_0152.jpg,30.6,98.2549,151.3,94,0,90
Image_0153.jpg,30.6,98.5549,151.3,94,0,90
Image_0154.jpg,30.6,98.8549,151.3,94,0,90
Image_0155.jpg,30.6,99.1549,151.3,94,0,90
Image_0156.jpg,30.6,99.4549,151.3,94,0,90
Image_0157.jpg,30.6,99.7549,151.3,94,0,90
Image_0158.jpg,30.6,100.055,151.3,94,0,90
Image_0159.jpg,30.6,100.355,151.3,94,0,90
Image_0160.jpg,30.6,100.655,151.3,94,0,90
Image_0161.jpg,30.6,100.955,151.3,94,0,90
Image_0162.jpg,30.6,101.255,151.3,94,0,90
Image_0163.jpg,30.6,101.555,151.3,94,0,90
Image_0164.jpg,30.6,101.855,151.3,94,0,90
Image_0165.jpg,30.6,102.155,151.3,94,0,90
Image_0166.jpg,30.6,102.455,151.3,94,0,90
Image_0167.jpg,30.6,102.755,151.3,94,0,90
Image_0168.jpg,30.6,103.055,151.3,94,0,90
Image_0169.jpg,30.6,103.355,151.3,94,0,90
Image_0170.jpg,30.6,103.655,151.3,94,0,90
Image_0171.jpg,30.6,103.955,151.3,94,0,90
Image_0172.jpg,30.6,104.255,151.3,94,0,90
Image_0173.jpg,30.6,104.555,151.3,94,0,90
Image_0174.jpg,30.6,104.855,151.3,94,0,90
Image_0175.jpg,30.6,105.155,151.3,94,0,90
Image_0176.jpg,30.6,105.455,151.3,94,0,90
Image_0177.jpg,30.6,105.755,151.3,94,0,90
Image_0178.jpg,30.6,106.055,151.3,94,0,90
Image_0179.jpg,30.6,106.355,151.3,94,0,90
Image_0180.jpg,30.6,106.655,151.3,94,0,90
Image_0181.jpg,30.6,106.955,151.3,94,0,90
Image_0182.jpg,30.6,107.255,151.3,94,0,90
Image_0183.jpg,30.6,107.555,151.3,94,0,90
Image_0184.jpg,30.6,107.855,151.3,94,0,90
Image_0185.jpg,30.6,108.155,151.3,94,0,90
Image_0186.jpg,30.6,108.455,151.3,94,0,90
Image_0187.jpg,30.6,108.755,151.3,94,0,90
Image_0188.jpg,30.6,108.755,151,94,0,90
Image_0189.jpg,30.6,108.755,150.7,94,0,90
Image_0190.jpg,30.6,108.755,150.4,94,0,90
Image_0191.jpg,30.6,108.755,150.1,94,0,90
Image_0192.jpg,30.6,108.755,149.8,94,0,90
Image_0193.jpg,30.6,108.755,149.5,94,0,90
Image_0194.jpg,30.6,108.755,149.2,94,0,90
Image_0195.jpg,30.6,108.755,148.9,94,0,90
Image_0196.jpg,30.6,108.755,148.6,94,0,90
Image_0197.jpg,30.6,108.755,148.3,94,0,90
Image_0198.jpg,30.6,108.755,148,94,0,90
Image_0199.jpg,30.6,108.755,147.7,94,0,90
Image_0200.jpg,30.6,108.755,147.4,94,0,90
Image_0201.jpg,30.6,108.755,147.1,94,0,90
Image_0202.jpg,30.6,108.755,146.8,94,0,90
Image_0203.jpg,30.6,108.755,146.5,94,0,90
Image_0204.jpg,30.6,108.755,146.2,94,0,90
Image_0205.jpg,30.6,108.755,145.9,94,0,90
Image_0206.jpg,30.6,108.755,145.6,94,0,90
Image_0207.jpg,30.6,108.755,145.3,94,0,90
Image_0208.jpg,30.6,108.755,145,94,0,90
Image_0209.jpg,30.6,108.755,144.7,94,0,90
Image_0210.jpg,30.6,108.755,144.4,94,0,90
Image_0211.jpg,30.6,108.755,144.1,94,0,90
Image_0212.jpg,30.6,108.755,143.8,94,0,90
Image_0213.jpg,30.6,108.755,143.5,94,0,90
Image_0214.jpg,30.6,108.755,143.2,94,0,90
Image_0215.jpg,30.6,108.755,142.9,94,0,90
Image_0216.jpg,30.6,108.755,142.6,94,0,90
Image_0217.jpg,30.6,108.755,142.3,94,0,90
Image_0218.jpg,30.6,108.755,142,94,0,90
Image_0219.jpg,30.6,108.755,141.7,94,0,90
Image_0220.jpg,30.6,108.755,141.4,94,0,90
Image_0221.jpg,30.6,108.755,141.1,94,0,90
Image_0222.jpg,30.6,108.755,140.8,94,0,90
Image_0223.jpg,30.6,108.755,140.5,94,0,90
Image_0224.jpg,30.6,108.755,140.2,94,0,90
Image_0225.jpg,30.6,108.755,139.9,94,0,90
Image_0226.jpg,30.6,108.755,139.6,94,0,90
Image_0227.jpg,30.6,108.755,139.3,94,0,90
Image_0228.jpg,30.6,108.755,139,94,0,90
Image_0229.jpg,30.6,108.755,138.7,94,0,90
Image_0230.jpg,30.6,108.755,138.4,94,0,90
Image_0231.jpg,30.6,108.755,138.1,94,0,90
Image_0232.jpg,30.6,108.755,137.8,94,0,90
Image_0233.jpg,30.6,108.755,137.5,94,0,90
Image_0234.jpg,30.6,108.755,137.2,94,0,90
Image_0235.jpg,30.6,108.755,136.9,94,0,90
Image_0236.jpg,30.6,108.755,136.6,94,0,90
Image_0237.jpg,30.6,108.755,136.3,94,0,90
Image_0238.jpg,30.6,108.755,136,94,0,90
Image_0239.jpg,30.6,108.755,135.7,94,0,90
Image_0240.jpg,30.6,108.755,135.4,94,0,90
Image_0241.jpg,30.6,108.755,135.1,94,0,90
Image_0242.jpg,30.6,108.755,134.8,94,0,90
Image_0243.jpg,30.6,108.755,134.5,94,0,90
Image_0244.jpg,30.6,108.755,134.2,94,0,90
Image_0245.jpg,30.6,108.755,133.9,94,0,90
Image_0246.jpg,30.6,108.755,133.6,94,0,90
Image_0247.jpg,30.6,108.755,133.3,94,0,90
Image_0248.jpg,30.6,108.755,133,94,0,90
Image_0249.jpg,30.6,108.755,132.7,94,0,90
Image_0250.jpg,30.6,108.755,132.4,94,0,90
Image_0251.jpg,30.6,108.755,132.1,94,0,90
Image_0252.jpg,30.6,108.755,131.8,94,0,90
Image_0253.jpg,30.6,108.755,131.5,94,0,90
Image_0254.jpg,30.6,108.755,131.2,94,0,90
Image_0255.jpg,30.6,108.755,130.9,94,0,90
Image_0256.jpg,30.6,108.755,130.6,94,0,90
Image_0257.jpg,30.6,108.755,130.3,94,0,90
Image_0258.jpg,30.6,108.755,130,94,0,90
Image_0259.jpg,30.6,108.755,129.7,94,0,90
Image_0260.jpg,30.6,108.755,129.4,94,0,90
Image_0261.jpg,30.6,108.755,129.1,94,0,90
Image_0262.jpg,30.6,108.755,128.8,94,0,90
Image_0263.jpg,30.6,108.755,128.5,94,0,90
Image_0264.jpg,30.6,108.755,128.2,94,0,90
Image_0265.jpg,30.6,108.755,127.9,94,0,90
Image_0266.jpg,30.6,108.755,127.6,94,0,90
Image_0267.jpg,30.6,108.755,127.3,94,0,90
Image_0268.jpg,30.6,108.755,127,94,0,90
Image_0269.jpg,30.6,108.755,126.7,94,0,90
Image_0270.jpg,30.6,108.755,126.4,94,0,90
Image_0271.jpg,30.6,108.755,126.1,94,0,90
Image_0272.jpg,30.6,108.755,125.8,94,0,90
Image_0273.jpg,30.6,108.755,125.5,94,0,90
Image_0274.jpg,30.6,108.755,125.2,94,0,90
Image_0275.jpg,30.6,108.755,124.9,94,0,90
Image_0276.jpg,30.6,108.755,124.6,94,0,90
Image_0277.jpg,30.6,108.755,124.3,94,0,90
Image_0278.jpg,30.3,108.755,124.3,94,0,90
Image_0279.jpg,30,108.755,124.3,94,0,90
Image_0280.jpg,29.7,108.755,124.3,94,0,90
Image_0281.jpg,29.4,108.755,124.3,94,0,90
Image_0282.jpg,29.1,108.755,124.3,94,0,90
Image_0283.jpg,28.8,108.755,124.3,94,0,90
Image_0284.jpg,28.5,108.755,124.3,94,0,90
Image_0285.jpg,28.2,108.755,124.3,94,0,90
Image_0286.jpg,27.9,108.755,124.3,94,0,90
Image_0287.jpg,27.6,108.755,124.3,94,0,90
Image_0288.jpg,27.3,108.755,124.3,94,0,90
Image_0289.jpg,27,108.755,124.3,94,0,90
Image_0290.jpg,26.7,108.755,124.3,94,0,90
Image_0291.jpg,26.4,108.755,124.3,94,0,90
Image_0292.jpg,26.1,108.755,124.3,94,0,90
Image_0293.jpg,25.8,108.755,124.3,94,0,90
Image_0294.jpg,25.5,108.755,124.3,94,0,90
Image_0295.jpg,25.2,108.755,124.3,94,0,90
Image_0296.jpg,24.9,108.755,124.3,94,0,90
Image_0297.jpg,24.6,108.755,124.3,94,0,90
Image_0298.jpg,24.3,108.755,124.3,94,0,90
Image_0299.jpg,24,108.755,124.3,94,0,90
Image_0300.jpg,23.7,108.755,124.3,94,0,90
Image_0301.jpg,23.7,109.055,124.3,94,0,90
Image_0302.jpg,23.7,109.355,124.3,94,0,90
Image_0303.jpg,23.7,109.655,124.3,94,0,90
Image_0304.jpg,23.7,109.955,124.3,94,0,90
Image_0305.jpg,23.7,110.255,124.3,94,0,90
Image_0306.jpg,23.7,110.555,124.3,94,0,90
Image_0307.jpg,23.7,110.855,124.3,94,0,90
Image_0308.jpg,23.7,111.155,124.3,94,0,90
Image_0309.jpg,23.7,111.455,124.3,94,0,90
Image_0310.jpg,23.7,111.755,124.3,94,0,90
Image_0311.jpg,23.7,112.055,124.3,94,0,90
Image_0312.jpg,23.7,112.355,124.3,94,0,90
Image_0313.jpg,23.7,112.355,124,94,0,90
Image_0314.jpg,23.7,112.355,123.7,94,0,90
Image_0315.jpg,23.7,112.355,123.4,94,0,90
Image_0316.jpg,23.7,112.355,123.1,94,0,90
Image_0317.jpg,23.7,112.355,122.8,94,0,90
Image_0318.jpg,23.7,112.355,122.5,94,0,90
Image_0319.jpg,23.7,112.055,122.5,94,0,90
Image_0320.jpg,23.7,111.755,122.5,94,0,90
Image_0321.jpg,23.7,111.455,122.5,94,0,90
Image_0322.jpg,23.7,111.155,122.5,94,0,90
Image_0323.jpg,23.7,110.855,122.5,94,0,90
Image_0324.jpg,23.7,110.555,122.5,94,0,90
Image_0325.jpg,23.7,110.255,122.5,94,0,90
Image_0326.jpg,23.7,109.955,122.5,94,0,90
Image_0327.jpg,23.7,109.655,122.5,94,0,90
Image_0328.jpg,23.7,109.355,122.5,94,0,90
Image_0329.jpg,23.7,109.055,122.5,94,0,90
Image_0330.jpg,23.7,108.755,122.5,94,0,90
Image_0331.jpg,23.7,108.755,122.2,94,0,90
Image_0332.jpg,23.7,108.755,121.9,94,0,90
Image_0333.jpg,23.7,108.455,121.9,94,0,90
Image_0334.jpg,23.7,108.455,121.6,94,0,90
Image_0335.jpg,23.7,108.455,121.3,94,0,90
Image_0336.jpg,23.7,108.155,121.3,94,0,90
Image_0337.jpg,23.7,107.855,121,94,0,90
Image_0338.jpg,23.7,107.555,121,94,0,90
Image_0339.jpg,23.7,107.555,120.7,94,0,90
Image_0340.jpg,23.7,107.555,120.4,94,0,90
Image_0341.jpg,23.7,107.555,120.1,94,0,90
Image_0342.jpg,23.7,107.555,119.8,94,0,90
Image_0343.jpg,23.7,107.555,119.5,94,0,90
Image_0344.jpg,23.7,107.555,119.2,94,0,90
Image_0345.jpg,23.7,107.555,118.9,94,0,90
Image_0346.jpg,23.7,107.555,118.6,94,0,90
Image_0347.jpg,23.7,107.555,118.3,94,0,90
Image_0348.jpg,23.7,107.555,118,94,0,90
Image_0349.jpg,23.7,107.255,118,94,0,90
Image_0350.jpg,23.7,106.955,118,94,0,90
Image_0351.jpg,23.7,106.655,117.7,94,0,90
Image_0352.jpg,23.7,106.655,117.4,94,0,90
Image_0353.jpg,23.7,106.655,117.1,94,0,90
Image_0354.jpg,23.7,106.355,116.8,94,0,90
Image_0355.jpg,23.7,106.055,116.5,94,0,90
Image_0356.jpg,23.7,105.755,116.5,94,0,90
Image_0357.jpg,23.7,105.455,116.5,94,0,90
Image_0358.jpg,23.7,105.155,116.5,94,0,90
Image_0359.jpg,23.7,104.855,116.5,94,0,90
Image_0360.jpg,23.7,104.555,116.5,94,0,90
Image_0361.jpg,23.7,104.255,116.5,94,0,90
Image_0362.jpg,23.7,103.955,116.5,94,0,90
Image_0363.jpg,23.7,103.655,116.5,94,0,90
Image_0364.jpg,23.7,103.355,116.5,94,0,90
Image_0365.jpg,23.7,103.055,116.5,94,0,90
Image_0366.jpg,23.7,102.755,116.5,94,0,90
Image_0367.jpg,23.7,102.455,116.5,94,0,90
Image_0368.jpg,23.7,102.455,116.2,94,0,90
Image_0369.jpg,23.7,102.455,115.9,94,0,90
Image_0370.jpg,23.7,102.155,115.9,94,0,90
Image_0371.jpg,23.7,101.855,115.6,94,0,90
Image_0372.jpg,23.7,101.855,115.3,94,0,90
Image_0373.jpg,23.7,101.555,115.3,94,0,90
Image_0374.jpg,23.7,101.255,115,94,0,90
Image_0375.jpg,23.7,101.255,114.7,94,0,90
Image_0376.jpg,23.7,101.255,114.4,94,0,90
Image_0377.jpg,23.7,100.955,114.1,94,0,90
Image_0378.jpg,23.7,100.655,113.8,94,0,90
Image_0379.jpg,23.7,100.655,113.5,94,0,90
Image_0380.jpg,23.7,100.355,113.5,94,0,90
Image_0381.jpg,23.7,100.055,113.5,94,0,90
Image_0382.jpg,23.7,99.7549,113.5,94,0,90
Image_0383.jpg,23.7,99.4549,113.5,94,0,90
Image_0384.jpg,23.7,99.1549,113.5,94,0,90
Image_0385.jpg,23.7,99.1549,113.2,94,0,90
Image_0386.jpg,23.7,98.8549,112.9,94,0,90
Image_0387.jpg,23.7,98.5549,112.9,94,0,90
Image_0388.jpg,23.7,98.2549,112.9,94,0,90
Image_0389.jpg,23.7,97.9549,112.9,94,0,90
Image_0390.jpg,23.7,97.9549,112.6,94,0,90
Image_0391.jpg,23.7,97.9549,112.3,94,0,90
Image_0392.jpg,23.7,97.9549,112,94,0,90
Image_0393.jpg,23.7,97.9549,111.7,94,0,90
Image_0394.jpg,23.7,97.9549,111.4,94,0,90
Image_0395.jpg,23.7,97.9549,111.1,94,0,90
Image_0396.jpg,23.7,97.9549,110.8,94,0,90
Image_0397.jpg,23.7,97.9549,110.5,94,0,90
Image_0398.jpg,23.7,97.6549,110.2,94,0,90
Image_0399.jpg,23.7,97.6549,109.9,94,0,90
Image_0400.jpg,23.7,97.3549,109.9,94,0,90
Image_0401.jpg,23.7,97.0549,109.9,94,0,90
Image_0402.jpg,23.7,96.7549,109.9,94,0,90
Image_0403.jpg,23.7,96.4548,109.9,94,0,90
Image_0404.jpg,23.7,96.1548,109.9,94,0,90
Image_0405.jpg,23.7,95.8548,109.9,94,0,90
Image_0406.jpg,23.7,95.8548,109.6,94,0,90
Image_0407.jpg,23.7,95.8548,109.3,94,0,90
Image_0408.jpg,23.7,95.5548,109,94,0,90
Image_0409.jpg,23.7,95.2548,109,94,0,90
Image_0410.jpg,23.7,94.9548,109,94,0,90
Image_0411.jpg,23.7,94.9548,108.7,94,0,90
Image_0412.jpg,23.7,94.9548,108.4,94,0,90
Image_0413.jpg,23.7,94.9548,108.1,94,0,90
Image_0414.jpg,23.7,94.9548,107.8,94,0,90
Image_0415.jpg,23.7,94.9548,107.5,94,0,90
Image_0416.jpg,23.7,94.9548,107.2,94,0,90
Image_0417.jpg,23.7,94.9548,106.9,94,0,90
Image_0418.jpg,23.7,94.9548,106.6,94,0,90
Image_0419.jpg,23.7,94.9548,106.3,94,0,90
Image_0420.jpg,23.7,94.9548,106,94,0,90
Image_0421.jpg,23.7,94.9548,105.7,94,0,90
Image_0422.jpg,23.7,94.9548,105.4,94,0,90
Image_0423.jpg,23.7,94.9548,105.1,94,0,90
Image_0424.jpg,23.7,94.9548,104.8,94,0,90
Image_0425.jpg,23.7,94.9548,104.5,94,0,90
Image_0426.jpg,0,91,160,94,0.3,90
Image_0427.jpg,0,91,160,94,0.6,90
Image_0428.jpg,0,91,160,94,0.9,90
Image_0429.jpg,0,91,160,94,1.2,90
Image_0430.jpg,0,91,160,94,1.5,90
Image_0431.jpg,0,91,160,94,1.8,90
Image_0432.jpg,0,91,160,94,2.1,90
Image_0433.jpg,0,91,160,94,2.4,90
Image_0434.jpg,0,91.3,160,94,2.4,90
Image_0435.jpg,0,91.6,160,94,2.4,90
Image_0436.jpg,0,91.9,160,94,2.4,90
Image_0437.jpg,0,92.2,160,94,2.4,90
Image_0438.jpg,0,92.5,160,94,2.4,90
Image_0439.jpg,0,92.8,160,94,2.4,90
Image_0440.jpg,0,93.1,160,94,2.4,90
Image_0441.jpg,0,93.4,160,94,2.4,90
Image_0442.jpg,0,93.7,160,94,2.4,90
Image_0443.jpg,0,94,160,94,2.4,90
Image_0444.jpg,0,94.3,160,94,2.4,90
Image_0445.jpg,0,94.6,160,94,2.4,90
Image_0446.jpg,0,94.9,160,94,2.4,90
Image_0447.jpg,0,95.2,160,94,2.4,90
Image_0448.jpg,0,95.5,160,94,2.4,90
Image_0449.jpg,0,95.8,160,94,2.4,90
Image_0450.jpg,0,96.1001,160,94,2.4,90
Image_0451.jpg,0,96.4001,160,94,2.4,90
Image_0452.jpg,0,96.7001,160,94,2.4,90
Image_0453.jpg,0,97.0001,160,94,2.4,90
Image_0454.jpg,0,97.3001,160,94,2.4,90
Image_0455.jpg,0,97.6001,160,94,2.4,90
Image_0456.jpg,0,97.9001,160,94,2.4,90
Image_0457.jpg,0,98.2001,160,94,2.4,90
Image_0458.jpg,0,98.5001,160,94,2.4,90
Image_0459.jpg,0,98.8001,160,94,2.4,90
Image_0460.jpg,0,99.1001,160,94,2.4,90
Image_0461.jpg,0,99.4001,160,94,2.4,90
Image_0462.jpg,0,99.7001,160,94,2.4,90
Image_0463.jpg,0,100,160,94,2.4,90
Image_0464.jpg,0,100.3,160,94,2.4,90
Image_0465.jpg,0,100.6,160,94,2.4,90
Image_0466.jpg,0,100.9,160,94,2.4,90
Image_0467.jpg,0,101.2,160,94,2.4,90
Image_0468.jpg,0,101.5,160,94,2.4,90
Image_0469.jpg,0,101.8,160,94,2.4,90
Image_0470.jpg,0,102.1,160,94,2.4,90
Image_0471.jpg,0,102.4,160,94,2.4,90
Image_0472.jpg,0,102.7,160,94,2.4,90
Image_0473.jpg,0,103,160,94,2.4,90
Image_0474.jpg,0,103.3,160,94,2.4,90
Image_0475.jpg,0,103.6,160,94,2.4,90
Image_0476.jpg,0,103.9,160,94,2.4,90
Image_0477.jpg,0,104.2,160,94,2.4,90
Image_0478.jpg,0,104.5,160,94,2.4,90
Image_0479.jpg,0,104.8,160,94,2.4,90
Image_0480.jpg,0,105.1,160,94,2.4,90
Image_0481.jpg,0,105.4,160,94,2.4,90
Image_0482.jpg,0,105.7,160,94,2.4,90
Image_0483.jpg,0,106,160,94,2.4,90
Image_0484.jpg,0,106.3,160,94,2.4,90
Image_0485.jpg,0,106.6,160,94,2.4,90
Image_0486.jpg,0,106.9,160,94,2.4,90
Image_0487.jpg,0,107.2,160,94,2.4,90
Image_0488.jpg,0,107.5,160,94,2.4,90
Image_0489.jpg,0,107.8,160,94,2.4,90
Image_0490.jpg,0,108.1,160,94,2.4,90
Image_0491.jpg,0,108.4,160,94,2.4,90
Image_0492.jpg,0,108.7,160,94,2.4,90
Image_0493.jpg,0,109,160,94,2.4,90
Image_0494.jpg,0,109.3,160,94,2.4,90
Image_0495.jpg,0,109.6,160,94,2.4,90
Image_0496.jpg,0,109.9,160,94,2.4,90
Image_0497.jpg,0,110.2,160,94,2.4,90
Image_0498.jpg,0,110.5,160,94,2.4,90
Image_0499.jpg,0,110.8,160,94,2.4,90
Image_0500.jpg,0,111.1,160,94,2.4,90
Image_0501.jpg,0,111.4,160,94,2.4,90
Image_0502.jpg,0,111.7,160,94,2.4,90
Image_0503.jpg,0,112,160,94,2.4,90
Image_0504.jpg,0,112.3,160,94,2.4,90
Image_0505.jpg,0,112.6,160,94,2.4,90
Image_0506.jpg,0,112.9,160,94,2.4,90
Image_0507.jpg,0,113.2,160,94,2.4,90
Image_0508.jpg,0,113.5,160,94,2.4,90
Image_0509.jpg,0,113.8,160,94,2.4,90
Image_0510.jpg,0,114.1,160,94,2.4,90
Image_0511.jpg,0,114.4,160,94,2.4,90
Image_0512.jpg,0,114.7,160,94,2.4,90
Image_0513.jpg,0,115,160,94,2.4,90
Image_0514.jpg,0,115.3,160,94,2.4,90
Image_0515.jpg,0,115.6,160,94,2.4,90
Image_0516.jpg,0,115.9,160,94,2.4,90
Image_0517.jpg,0,116.2,160,94,2.4,90
Image_0518.jpg,0,116.2,159.7,94,2.4,90
Image_0519.jpg,0,116.2,159.4,94,2.4,90
Image_0520.jpg,0,116.2,159.1,94,2.4,90
Image_0521.jpg,0,116.2,158.8,94,2.4,90
Image_0522.jpg,0,116.2,158.5,94,2.4,90
Image_0523.jpg,0,116.2,158.2,94,2.4,90
Image_0524.jpg,0,116.2,157.9,94,2.4,90
Image_0525.jpg,0,116.2,157.6,94,2.4,90
Image_0526.jpg,0,116.2,157.3,94,2.4,90
Image_0527.jpg,0,116.2,157,94,2.4,90
Image_0528.jpg,0,116.2,156.7,94,2.4,90
Image_0529.jpg,0,116.2,156.4,94,2.4,90
Image_0530.jpg,0,116.2,156.1,94,2.4,90
Image_0531.jpg,0,116.5,156.1,94,2.4,90
Image_0532.jpg,0,116.8,156.1,94,2.4,90
Image_0533.jpg,0,117.1,156.1,94,2.4,90
Image_0534.jpg,0,117.4,156.1,94,2.4,90
Image_0535.jpg,0,117.7,156.1,94,2.4,90
Image_0536.jpg,0,118,156.1,94,2.4,90
Image_0537.jpg,0,118.3,156.1,94,2.4,90
Image_0538.jpg,0,118.6,156.1,94,2.4,90
Image_0539.jpg,0,118.9,156.1,94,2.4,90
Image_0540.jpg,0,119.2,156.1,94,2.4,90
Image_0541.jpg,0,119.5,156.1,94,2.4,90
Image_0542.jpg,0,119.8,156.1,94,2.4,90
Image_0543.jpg,0,120.1,156.1,94,2.4,90
Image_0544.jpg,0,120.4,156.1,94,2.4,90
Image_0545.jpg,0,120.7,156.1,94,2.4,90
Image_0546.jpg,0,121,156.1,94,2.4,90
Image_0547.jpg,0,121.3,156.1,94,2.4,90
Image_0548.jpg,0,121.6,156.1,94,2.4,90
Image_0549.jpg,0,121.9,156.1,94,2.4,90
Image_0550.jpg,0,122.2,156.1,94,2.4,90
Image_0551.jpg,0,122.5,156.1,94,2.4,90
Image_0552.jpg,0,122.8,156.1,94,2.4,90
Image_0553.jpg,0,123.1,156.1,94,2.4,90
Image_0554.jpg,0,123.4,156.1,94,2.4,90
Image_0555.jpg,0,123.7,156.1,94,2.4,90
Image_0556.jpg,0,124,156.1,94,2.4,90
Image_0557.jpg,0,124.3,156.1,94,2.4,90
Image_0558.jpg,0,124.6,156.1,94,2.4,90
Image_0559.jpg,0,124.9,156.1,94,2.4,90
Image_0560.jpg,0,125.2,156.1,94,2.4,90
Image_0561.jpg,0,125.5,156.1,94,2.4,90
Image_0562.jpg,0,125.8,156.1,94,2.4,90
Image_0563.jpg,0,126.1,156.1,94,2.4,90
Image_0564.jpg,0,126.4,156.1,94,2.4,90
Image_0565.jpg,0,126.7,156.1,94,2.4,90
Image_0566.jpg,0,127,156.1,94,2.4,90
Image_0567.jpg,0,127.3,156.1,94,2.4,90
Image_0568.jpg,0,127.6,156.1,94,2.4,90
Image_0569.jpg,0,127.9,156.1,94,2.4,90
Image_0570.jpg,0,128.2,156.1,94,2.4,90
Image_0571.jpg,0,128.5,156.1,94,2.4,90
Image_0572.jpg,0,128.8,156.1,94,2.4,90
Image_0573.jpg,0,129.1,156.1,94,2.4,90
Image_0574.jpg,0,129.4,156.1,94,2.4,90
Image_0575.jpg,0,129.7,156.1,94,2.4,90
Image_0576.jpg,0,130,156.1,94,2.4,90
Image_0577.jpg,0,130.3,156.1,94,2.4,90
Image_0578.jpg,0,130.6,156.1,94,2.4,90
Image_0579.jpg,0,130.9,156.1,94,2.4,90
Image_0580.jpg,0,131.2,156.1,94,2.4,90
Image_0581.jpg,0,131.5,156.1,94,2.4,90
Image_0582.jpg,0,131.8,156.1,94,2.4,90
Image_0583.jpg,0,132.1,156.1,94,2.4,90
Image_0584.jpg,0,132.4,156.1,94,2.4,90
Image_0585.jpg,0,132.7,156.1,94,2.4,90
Image_0586.jpg,0,132.7,155.8,94,2.4,90
Image_0587.jpg,0,132.7,155.5,94,2.4,90
Image_0588.jpg,0,132.7,155.2,94,2.4,90
Image_0589.jpg,0,132.7,154.9,94,2.4,90
Image_0590.jpg,0,132.7,154.6,94,2.4,90
Image_0591.jpg,0,132.7,154.3,94,2.4,90
Image_0592.jpg,0,132.7,154,94,2.4,90
Image_0593.jpg,0,132.7,153.7,94,2.4,90
Image_0594.jpg,0,132.7,153.4,94,2.4,90
Image_0595.jpg,0,132.7,153.4,94,2.7,90
Image_0596.jpg,0,132.7,153.4,94,3,90
Image_0597.jpg,0,132.7,153.4,94,3.3,90
Image_0598.jpg,0,132.7,153.4,94,3,90
Image_0599.jpg,0,132.7,153.4,94,2.7,90
Image_0600.jpg,0,132.7,153.4,94,2.4,90
Image_0601.jpg,0,132.7,153.4,94,2.1,90
Image_0602.jpg,0,132.7,153.4,94,1.8,90
Image_0603.jpg,0,132.7,153.4,94,1.8,90.3
Image_0604.jpg,0,132.7,153.4,94,1.8,90.6
Image_0605.jpg,0,132.7,153.4,94,1.8,90.9
Image_0606.jpg,0,132.7,153.4,94,1.8,91.2
Image_0607.jpg,0,132.7,153.4,94,1.8,91.5
Image_0608.jpg,0,132.7,153.4,94,1.8,91.8
Image_0609.jpg,0,132.7,153.4,94,1.8,92.1
Image_0610.jpg,0,132.7,153.4,94,1.8,92.4
Image_0611.jpg,0,132.7,153.4,94,1.8,92.7
Image_0612.jpg,0,132.7,153.4,94,1.8,93
Image_0613.jpg,0,132.7,153.4,94,1.8,93.3
Image_0614.jpg,0,132.7,153.4,94,1.8,93.6
Image_0615.jpg,0,132.7,153.4,94,1.8,93.9
Image_0616.jpg,0,132.7,153.4,94,1.8,94.2
Image_0617.jpg,0,132.7,153.4,94,1.8,94.5
Image_0618.jpg,0,132.7,153.4,94,1.8,94.8
Image_0619.jpg,0,132.7,153.4,94,1.8,95.1001
Image_0620.jpg,0,132.7,153.4,94,1.8,95.4001
Image_0621.jpg,0,132.7,153.4,94,1.8,95.7001
Image_0622.jpg,0,132.7,153.4,94,1.8,96.0001
Image_0623.jpg,0,132.7,153.4,94,1.8,96.3001
Image_0624.jpg,0,132.7,153.4,94,1.8,96.6001
Image_0625.jpg,0,132.7,153.4,94,1.8,96.9001
Image_0626.jpg,0,132.7,153.4,94,1.8,97.2001
Image_0627.jpg,0,132.7,153.4,94,1.8,97.5001
Image_0628.jpg,0,132.7,153.4,94,1.8,97.8001
Image_0629.jpg,0,132.7,153.4,94,1.8,98.1001
Image_0630.jpg,0,132.7,153.4,94,1.8,98.4001
Image_0631.jpg,0,132.7,153.4,94,1.8,98.7001
Image_0632.jpg,0,132.7,153.4,94,1.8,99.0001
Image_0633.jpg,0,132.7,153.4,94,1.8,99.3001
Image_0634.jpg,0,132.7,153.4,94,1.8,99.6001
Image_0635.jpg,0,132.7,153.4,94,1.8,99.9001
Image_0636.jpg,0,132.7,153.4,94,1.8,100.2
Image_0637.jpg,0,132.7,153.4,94,1.8,100.5
Image_0638.jpg,0,132.7,153.4,94,1.8,100.8
Image_0639.jpg,0,132.7,153.4,94,1.8,101.1
Image_0640.jpg,0.3,132.7,153.4,94,1.8,101.1
Image_0641.jpg,0.6,132.7,153.4,94,1.8,101.1
Image_0642.jpg,0.9,132.7,153.4,94,1.8,101.1
Image_0643.jpg,1.2,132.7,153.4,94,1.8,101.1
Image_0644.jpg,1.5,132.7,153.4,94,1.8,101.1
Image_0645.jpg,1.8,132.7,153.4,94,1.8,101.1
Image_0646.jpg,2.1,132.7,153.4,94,1.8,101.1
Image_0647.jpg,2.4,132.7,153.4,94,1.8,101.1
Image_0648.jpg,2.7,132.7,153.4,94,1.8,101.1
Image_0649.jpg,3,132.7,153.4,94,1.8,101.1
Image_0650.jpg,3.3,132.7,153.4,94,1.8,101.1
Image_0651.jpg,3.6,132.7,153.4,94,1.8,101.1
Image_0652.jpg,3.9,132.7,153.4,94,1.8,101.1
Image_0653.jpg,4.2,132.7,153.4,94,1.8,101.1
Image_0654.jpg,4.5,132.7,153.4,94,1.8,101.1
Image_0655.jpg,4.8,132.7,153.4,94,1.8,101.1
Image_0656.jpg,5.1,132.7,153.4,94,1.8,101.1
Image_0657.jpg,5.4,132.7,153.4,94,1.8,101.1
Image_0658.jpg,5.7,132.7,153.4,94,1.8,101.1
Image_0659.jpg,6,132.7,153.4,94,1.8,101.1
Image_0660.jpg,6.3,132.7,153.4,94,1.8,101.1
Image_0661.jpg,6.6,132.7,153.4,94,1.8,101.1
Image_0662.jpg,6.9,132.7,153.4,94,1.8,101.1
Image_0663.jpg,7.2,132.7,153.4,94,1.8,101.1
Image_0664.jpg,7.5,132.7,153.4,94,1.8,101.1
Image_0665.jpg,7.8,132.7,153.4,94,1.8,101.1
Image_0666.jpg,8.1,132.7,153.4,94,1.8,101.1
Image_0667.jpg,8.4,132.7,153.4,94,1.8,101.1
Image_0668.jpg,8.7,132.7,153.4,94,1.8,101.1
Image_0669.jpg,9,132.7,153.4,94,1.8,101.1
Image_0670.jpg,9.3,132.7,153.4,94,1.8,101.1
Image_0671.jpg,9.6,132.7,153.4,94,1.8,101.1
Image_0672.jpg,9.9,132.7,153.4,94,1.8,101.1
Image_0673.jpg,10.2,132.7,153.4,94,1.8,101.1
Image_0674.jpg,10.5,132.7,153.4,94,1.8,101.1
Image_0675.jpg,10.8,132.7,153.4,94,1.8,101.1
Image_0676.jpg,11.1,132.7,153.4,94,1.8,101.1
Image_0677.jpg,11.4,132.7,153.4,94,1.8,101.1
Image_0678.jpg,11.7,132.7,153.4,94,1.8,101.1
Image_0679.jpg,12,132.7,153.4,94,1.8,101.1
Image_0680.jpg,12.3,132.7,153.4,94,1.8,101.1
Image_0681.jpg,12.6,132.7,153.4,94,1.8,101.1
Image_0682.jpg,12.9,132.7,153.4,94,1.8,101.1
Image_0683.jpg,13.2,132.7,153.4,94,1.8,101.1
Image_0684.jpg,13.5,132.7,153.4,94,1.8,101.1
Image_0685.jpg,13.8,132.7,153.4,94,1.8,101.1
Image_0686.jpg,14.1,132.7,153.4,94,1.8,101.1
Image_0687.jpg,14.4,132.7,153.4,94,1.8,101.1
Image_0688.jpg,14.7,132.7,153.4,94,1.8,101.1
Image_0689.jpg,15,132.7,153.4,94,1.8,101.1
Image_0690.jpg,15.3,132.7,153.4,94,1.8,101.1
Image_0691.jpg,15.6,132.7,153.4,94,1.8,101.1
Image_0692.jpg,15.9,132.7,153.4,94,1.8,101.1
Image_0693.jpg,16.2,132.7,153.4,94,1.8,101.1
Image_0694.jpg,16.5,132.7,153.4,94,1.8,101.1
Image_0695.jpg,16.8,132.7,153.4,94,1.8,101.1
Image_0696.jpg,17.1,132.7,153.4,94,1.8,101.1
Image_0697.jpg,17.4,132.7,153.4,94,1.8,101.1
Image_0698.jpg,17.7,132.7,153.4,94,1.8,101.1
Image_0699.jpg,18,132.7,153.4,94,1.8,101.1
Image_0700.jpg,18.3,132.7,153.4,94,1.8,101.1
Image_0701.jpg,18.6,132.7,153.4,94,1.8,101.4
Image_0702.jpg,18.6,132.7,153.4,94,1.8,101.7
Image_0703.jpg,18.9,132.7,153.4,94,1.8,102
Image_0704.jpg,18.9,132.7,153.4,94,1.8,102.3
Image_0705.jpg,19.2,132.7,153.4,94,1.8,102.6
Image_0706.jpg,19.5,132.7,153.4,94,1.8,102.6
Image_0707.jpg,19.8,132.7,153.4,94,1.8,102.6
Image_0708.jpg,20.1,132.7,153.4,94,1.8,102.6
Image_0709.jpg,20.1,132.7,153.4,94,1.8,102.9
Image_0710.jpg,20.1,132.7,153.4,94,1.8,103.2
Image_0711.jpg,20.1,132.7,153.4,94,1.8,103.5
Image_0712.jpg,20.1,132.7,153.4,94,1.8,103.8
Image_0713.jpg,20.4,132.7,153.4,94,1.8,104.1
Image_0714.jpg,20.7,132.7,153.4,94,1.8,104.1
Image_0715.jpg,21,132.7,153.4,94,1.8,104.1
Image_0716.jpg,21,132.7,153.4,94,1.8,104.4
Image_0717.jpg,21.3,132.7,153.4,94,1.8,104.7
Image_0718.jpg,21.6,132.7,153.4,94,1.8,104.7
Image_0719.jpg,21.6,132.7,153.4,94,1.8,105
Image_0720.jpg,21.6,132.7,153.4,94,1.8,105.3
Image_0721.jpg,21.9,132.7,153.4,94,1.8,105.3
Image_0722.jpg,22.2,132.7,153.4,94,1.8,105.3
Image_0723.jpg,22.2,132.7,153.4,94,1.8,105.6
Image_0724.jpg,22.2,132.7,153.4,94,1.8,105.9
Image_0725.jpg,22.2,132.7,153.4,94,1.8,106.2
Image_0726.jpg,22.5,132.7,153.4,94,1.8,106.2
Image_0727.jpg,22.8,132.7,153.4,94,1.8,106.2
Image_0728.jpg,22.8,132.7,153.4,94,1.8,106.5
Image_0729.jpg,22.8,132.7,153.4,94,1.8,106.8
Image_0730.jpg,22.8,132.7,153.4,94,1.8,107.1
Image_0731.jpg,22.8,132.7,153.4,94,1.8,107.4
Image_0732.jpg,23.1,132.7,153.4,94,1.8,107.7
Image_0733.jpg,23.4,132.7,153.4,94,1.8,108
Image_0734.jpg,23.7,132.7,153.4,94,1.8,108
Image_0735.jpg,24,132.7,153.4,94,1.8,108
Image_0736.jpg,24,132.7,153.4,94,1.8,108.3
Image_0737.jpg,24,132.7,153.4,94,1.8,108.6
Image_0738.jpg,24,132.7,153.4,94,1.8,108.9
Image_0739.jpg,23.7,132.7,153.4,94,1.8,108.9
Image_0740.jpg,23.4,132.7,153.4,94,1.8,108.9
Image_0741.jpg,23.4,132.7,153.4,94,1.8,108.9
Image_0742.jpg,23.7,132.7,153.4,94,1.8,108.9
Image_0743.jpg,24,132.7,153.4,94,1.8,108.9
Image_0744.jpg,24.3,132.7,153.4,94,1.8,109.2
Image_0745.jpg,24.3,132.7,153.4,94,1.8,109.5
Image_0746.jpg,24,132.7,153.4,94,1.8,109.8
Image_0747.jpg,23.7,132.7,153.4,94,1.8,110.1
Image_0748.jpg,23.4,132.7,153.4,94,1.8,110.1
Image_0749.jpg,23.1,132.7,153.4,94,1.8,110.4
Image_0750.jpg,23.1,132.7,153.4,94,1.8,110.7
Image_0751.jpg,23.1,132.7,153.4,94,1.8,111
Image_0752.jpg,22.8,132.7,153.4,94,1.8,111
Image_0753.jpg,22.5,132.7,153.4,94,1.8,111
Image_0754.jpg,22.2,132.7,153.4,94,1.8,111
Image_0755.jpg,21.9,132.7,153.4,94,1.8,111
Image_0756.jpg,21.6,132.7,153.4,94,1.8,111
Image_0757.jpg,21.3,132.7,153.4,94,1.8,111
Image_0758.jpg,21,132.7,153.4,94,1.8,111
Image_0759.jpg,20.7,132.7,153.4,94,1.8,111
Image_0760.jpg,20.4,132.7,153.4,94,1.8,111
Image_0761.jpg,20.1,132.7,153.4,94,1.8,111
Image_0762.jpg,20.1,132.7,153.4,94,1.8,110.7
Image_0763.jpg,20.1,132.7,153.4,94,1.8,110.4
Image_0764.jpg,20.1,132.7,153.4,94,1.8,110.1
Image_0765.jpg,20.1,132.7,153.4,94,1.8,109.8
Image_0766.jpg,20.1,132.7,153.4,94,1.8,109.5
Image_0767.jpg,20.1,132.7,153.4,94,1.8,109.2
Image_0768.jpg,20.1,132.7,153.4,94,1.8,108.9
Image_0769.jpg,20.1,132.7,153.4,94,1.8,108.6
Image_0770.jpg,20.1,132.7,153.4,94,1.8,108.3
Image_0771.jpg,20.1,132.7,153.4,94,1.8,108
Image_0772.jpg,20.1,132.7,153.4,94,1.8,107.7
Image_0773.jpg,20.1,132.7,153.4,94,1.8,107.4
Image_0774.jpg,20.1,132.7,153.4,94,1.8,107.1
Image_0775.jpg,20.1,132.7,153.4,94,1.8,106.8
Image_0776.jpg,20.1,132.7,153.4,94,1.8,106.5
Image_0777.jpg,20.1,132.7,153.4,94,1.8,106.2
Image_0778.jpg,20.1,132.7,153.4,94,1.8,105.9
Image_0779.jpg,20.1,132.7,153.4,94,1.8,105.6
Image_0780.jpg,20.1,132.7,153.4,94,1.8,105.3
Image_0781.jpg,20.1,132.7,153.4,94,1.8,105
Image_0782.jpg,20.1,132.7,153.4,94,1.8,104.7
Image_0783.jpg,20.1,132.7,153.4,94,1.8,104.4
Image_0784.jpg,20.1,132.7,153.4,94,1.8,104.1
Image_0785.jpg,20.1,132.7,153.4,94,1.8,103.8
Image_0786.jpg,20.1,132.7,153.4,94,1.8,103.5
Image_0787.jpg,20.1,132.7,153.4,94,1.8,103.2
Image_0788.jpg,20.1,132.7,153.4,94,1.8,102.9
Image_0789.jpg,20.1,132.7,153.4,94,1.8,102.6
Image_0790.jpg,20.1,132.7,153.4,94,1.8,102.3
Image_0791.jpg,20.1,132.7,153.4,94,1.8,102
Image_0792.jpg,20.1,132.7,153.4,94,1.8,101.7
Image_0793.jpg,20.1,132.7,153.4,94,1.8,101.4
Image_0794.jpg,20.1,132.7,153.4,94,1.8,101.1
Image_0795.jpg,20.1,132.7,153.4,94,1.8,100.8
Image_0796.jpg,20.1,132.7,153.4,94,1.8,100.5
Image_0797.jpg,20.1,132.7,153.4,94,1.8,100.2
Image_0798.jpg,20.1,132.7,153.4,94,1.8,99.9001
Image_0799.jpg,20.1,132.7,153.4,94,1.8,99.6001
Image_0800.jpg,20.1,132.7,153.4,94,1.8,99.3001
Image_0801.jpg,20.1,132.7,153.4,94,1.8,99.0001
Image_0802.jpg,20.1,132.7,153.4,94,1.8,98.7001
Image_0803.jpg,20.1,132.7,153.4,94,1.8,98.4001
Image_0804.jpg,20.1,132.7,153.4,94,1.8,98.1001
Image_0805.jpg,20.1,132.7,153.4,94,1.8,97.8001
Image_0806.jpg,20.1,132.7,153.4,94,1.8,97.5001
Image_0807.jpg,20.1,132.7,153.4,94,1.8,97.2001
Image_0808.jpg,20.1,132.7,153.4,94,1.8,96.9001
Image_0809.jpg,20.1,132.7,153.4,94,1.8,96.6001
Image_0810.jpg,20.1,132.7,153.4,94,1.8,96.3001
Image_0811.jpg,20.1,132.7,153.4,94,1.8,96.0001
Image_0812.jpg,20.1,132.7,153.4,94,1.8,95.7001
Image_0813.jpg,20.1,132.7,153.4,94,1.8,95.4001
Image_0814.jpg,20.1,132.7,153.4,94,1.8,95.1001
Image_0815.jpg,20.1,132.7,153.4,94,1.8,94.8
Image_0816.jpg,20.1,132.7,153.4,94,1.5,94.8
Image_0817.jpg,20.1,132.7,153.4,94,1.2,94.8
Image_0818.jpg,20.1,132.7,153.4,94,0.9,94.8
Image_0819.jpg,20.1,132.7,153.4,94,0.6,94.8
Image_0820.jpg,20.1,132.7,153.4,94,0.3,94.8
Image_0821.jpg,20.1,132.7,153.4,94,0,94.8
Image_0822.jpg,20.1,132.7,153.4,94,-0.3,94.8
Image_0823.jpg,20.1,132.7,153.4,94,-0.6,94.8
Image_0824.jpg,20.1,132.7,153.4,94,-0.9,94.8
Image_0825.jpg,20.1,132.7,153.4,94,-1.2,94.8
Image_0826.jpg,20.1,132.7,153.4,94,-1.5,94.8
Image_0827.jpg,20.1,132.7,153.4,94,-1.8,94.8
Image_0828.jpg,20.1,132.7,153.4,94,-2.1,94.8
Image_0829.jpg,20.1,132.7,153.4,94,-2.4,94.8
Image_0830.jpg,20.1,132.7,153.4,94,-2.7,94.8
Image_0831.jpg,20.1,132.7,153.4,94,-3,94.8
Image_0832.jpg,20.1,132.7,153.4,94,-3.3,94.8
Image_0833.jpg,20.1,132.7,153.4,94,-3.6,94.8
Image_0834.jpg,20.1,132.7,153.4,94,-3.9,94.8
Image_0835.jpg,20.1,132.7,153.4,94,-4.2,94.8
Image_0836.jpg,20.1,132.7,153.4,94,-4.5,94.8
Image_0837.jpg,20.1,132.7,153.4,94,-4.8,94.8
Image_0838.jpg,20.1,132.7,153.4,94,-5.1,94.8
Image_0839.jpg,20.1,132.7,153.4,94,-5.4,94.8
Image_0840.jpg,20.1,132.7,153.4,94,-5.7,94.8
Image_0841.jpg,20.1,132.7,153.4,94,-6,94.8
Image_0842.jpg,20.1,132.7,153.4,94,-6.3,94.8
Image_0843.jpg,20.1,132.7,153.4,94,-6.6,94.8
Image_0844.jpg,20.1,132.7,153.4,94,-6.9,94.8
Image_0845.jpg,20.1,132.7,153.4,94,-7.2,94.8
Image_0846.jpg,20.1,132.7,153.4,94,-7.5,94.8
Image_0847.jpg,20.1,132.7,153.4,94,-7.8,94.8
Image_0848.jpg,20.1,132.7,153.4,94,-8.1,94.8
Image_0849.jpg,20.1,132.7,153.4,94,-8.4,94.8
Image_0850.jpg,20.1,132.7,153.4,94,-8.7,94.8
Image_0851.jpg,20.1,132.7,153.4,94,-9,94.8
Image_0852.jpg,20.1,132.7,153.4,94,-9.3,94.8
Image_0853.jpg,20.1,132.7,153.4,94,-9.6,94.8
Image_0854.jpg,20.1,132.7,153.4,94,-9.9,94.8
Image_0855.jpg,20.1,132.7,153.4,94,-10.2,94.8
Image_0856.jpg,20.1,132.7,153.4,94,-10.5,94.8
Image_0857.jpg,20.1,132.7,153.4,94,-10.8,94.8
Image_0858.jpg,20.1,132.7,153.4,94,-11.1,94.8
Image_0859.jpg,20.1,132.7,153.4,94,-11.4,94.8
Image_0860.jpg,20.1,132.7,153.4,94,-11.7,94.8
Image_0861.jpg,20.1,132.7,153.4,94,-12,94.8
Image_0862.jpg,20.1,132.7,153.4,94,-12.3,94.8
Image_0863.jpg,20.1,132.7,153.4,94,-12.6,94.8
Image_0864.jpg,20.1,132.7,153.4,94,-12.9,94.8
Image_0865.jpg,20.1,132.7,153.4,94,-13.2,94.8
Image_0866.jpg,20.1,132.7,153.4,94,-13.5,94.8
Image_0867.jpg,20.1,132.7,153.4,94,-13.8,94.8
Image_0868.jpg,20.1,132.7,153.4,94,-14.1,94.8
Image_0869.jpg,20.1,132.7,153.4,94,-14.4,94.8
Image_0870.jpg,20.1,132.7,153.4,94,-14.7,94.8
Image_0871.jpg,20.1,132.7,153.4,94,-15,94.8
Image_0872.jpg,20.1,132.7,153.4,94,-15.3,94.8
Image_0873.jpg,20.1,132.7,153.4,94,-15.6,94.8
Image_0874.jpg,20.1,132.7,153.4,94,-15.9,94.8
Image_0875.jpg,20.1,132.7,153.4,94,-16.2,94.8
Image_0876.jpg,20.1,132.7,153.4,94,-16.5,94.8
Image_0877.jpg,20.1,132.7,153.4,94,-16.8,94.8
Image_0878.jpg,20.1,132.7,153.4,94,-17.1,94.8
Image_0879.jpg,20.1,132.7,153.4,94,-17.4,94.8
Image_0880.jpg,20.1,132.7,153.4,94,-17.7,94.8
Image_0881.jpg,20.1,132.7,153.4,94,-18,94.8
Image_0882.jpg,20.1,132.7,153.4,94,-18.3,94.8
Image_0883.jpg,20.1,132.7,153.4,94,-18.6,94.8
Image_0884.jpg,20.1,132.7,153.4,94,-18.9,94.8
Image_0885.jpg,20.1,132.7,153.4,94,-19.2,94.8
Image_0886.jpg,20.1,132.7,153.4,94,-19.5,94.8
Image_0887.jpg,20.1,132.7,153.4,94,-19.8,94.8
Image_0888.jpg,20.1,132.7,153.4,94,-20.1,94.8
Image_0889.jpg,20.1,132.7,153.4,94,-20.4,94.8
Image_0890.jpg,20.1,132.7,153.4,94,-20.7,94.8
Image_0891.jpg,20.1,132.7,153.1,94,-20.7,94.8
Image_0892.jpg,20.1,132.7,152.8,94,-20.7,94.8
Image_0893.jpg,20.1,132.7,152.5,94,-20.7,94.8
Image_0894.jpg,20.1,132.7,152.2,94,-20.7,94.8
Image_0895.jpg,20.1,132.7,151.9,94,-20.7,94.8
Image_0896.jpg,20.1,132.7,151.6,94,-20.7,94.8
Image_0897.jpg,20.1,132.7,151.3,94,-20.7,94.8
Image_0898.jpg,20.1,132.7,151,94,-20.7,94.8
Image_0899.jpg,20.1,132.7,150.7,94,-20.7,94.8
Image_0900.jpg,20.1,132.7,150.4,94,-20.7,94.8
Image_0901.jpg,20.1,132.7,150.1,94,-20.7,94.8
Image_0902.jpg,20.1,132.7,149.8,94,-20.7,94.8
Image_0903.jpg,20.1,132.7,149.5,94,-20.7,94.8
Image_0904.jpg,20.1,132.7,149.2,94,-20.7,94.8
Image_0905.jpg,20.1,132.7,148.9,94,-20.7,94.8
Image_0906.jpg,20.1,132.7,148.6,94,-20.7,94.8
Image_0907.jpg,20.1,132.7,148.3,94,-20.7,94.8
Image_0908.jpg,20.1,132.7,148,94,-20.7,94.8
Image_0909.jpg,20.1,132.7,147.7,94,-20.7,94.8
Image_0910.jpg,20.1,132.7,147.4,94,-20.7,94.8
Image_0911.jpg,20.1,132.7,147.1,94,-20.7,94.8
Image_0912.jpg,20.1,132.7,146.8,94,-20.7,94.8
Image_0913.jpg,20.1,132.7,146.5,94,-20.7,94.8
Image_0914.jpg,20.1,132.7,146.2,94,-20.7,94.8
Image_0915.jpg,20.1,132.7,145.9,94,-20.7,94.8
Image_0916.jpg,20.1,132.7,145.6,94,-20.7,94.8
Image_0917.jpg,20.1,132.7,145.3,94,-20.7,94.8
Image_0918.jpg,20.1,132.7,145,94,-20.7,94.8
Image_0919.jpg,20.1,132.7,144.7,94,-20.7,94.8
Image_0920.jpg,20.1,132.7,144.4,94,-20.7,94.8
Image_0921.jpg,20.1,132.7,144.1,94,-20.7,94.8
Image_0922.jpg,20.1,132.7,143.8,94,-20.7,94.8
Image_0923.jpg,20.1,132.7,143.5,94,-20.7,94.8
Image_0924.jpg,20.1,132.7,143.2,94,-20.7,94.8
Image_0925.jpg,20.1,132.7,142.9,94,-20.7,94.8
Image_0926.jpg,20.1,132.7,142.6,94,-20.7,94.8
Image_0927.jpg,20.1,132.7,142.3,94,-20.7,94.8
Image_0928.jpg,20.1,132.7,142,94,-20.7,94.8
Image_0929.jpg,20.1,132.7,141.7,94,-20.7,94.8
Image_0930.jpg,20.1,132.7,141.4,94,-20.7,94.8
Image_0931.jpg,20.1,132.7,141.1,94,-20.7,94.8
Image_0932.jpg,20.1,132.7,140.8,94,-20.7,94.8
Image_0933.jpg,20.1,132.7,140.5,94,-20.7,94.8
Image_0934.jpg,20.1,132.7,140.2,94,-20.7,94.8
Image_0935.jpg,20.1,132.7,139.9,94,-20.7,94.8
Image_0936.jpg,20.1,132.7,139.6,94,-20.7,94.8
Image_0937.jpg,20.1,132.7,139.3,94,-20.7,94.8
Image_0938.jpg,20.1,132.7,139,94,-20.7,94.8
Image_0939.jpg,20.1,132.7,138.7,94,-20.7,94.8
Image_0940.jpg,20.1,132.7,138.4,94,-20.7,94.8
Image_0941.jpg,20.1,132.7,138.1,94,-20.7,94.8
Image_0942.jpg,20.1,132.7,137.8,94,-20.7,94.8
Image_0943.jpg,20.1,132.7,137.5,94,-20.7,94.8
Image_0944.jpg,20.1,132.7,137.2,94,-20.7,94.8
Image_0945.jpg,20.1,132.7,136.9,94,-20.7,94.8
Image_0946.jpg,20.1,132.7,136.6,94,-20.7,94.8
Image_0947.jpg,20.1,132.7,136.3,94,-20.7,94.8
Image_0948.jpg,20.1,132.7,136,94,-20.7,94.8
Image_0949.jpg,20.1,132.7,135.7,94,-20.7,94.8
Image_0950.jpg,20.1,132.7,135.4,94,-20.7,94.8
Image_0951.jpg,20.1,132.7,135.1,94,-20.7,94.8
Image_0952.jpg,20.1,132.7,134.8,94,-20.7,94.8
Image_0953.jpg,20.1,132.7,134.5,94,-20.7,94.8
Image_0954.jpg,20.1,132.7,134.2,94,-20.7,94.8
Image_0955.jpg,20.1,132.7,133.9,94,-20.7,94.8
Image_0956.jpg,20.1,132.7,133.6,94,-20.7,94.8
Image_0957.jpg,20.1,132.7,133.3,94,-20.7,94.8
Image_0958.jpg,20.1,132.7,133,94,-20.7,94.8
Image_0959.jpg,20.1,132.7,132.7,94,-20.7,94.8
Image_0960.jpg,20.1,132.7,132.4,94,-20.7,94.8
Image_0961.jpg,20.1,132.7,132.1,94,-20.7,94.8
Image_0962.jpg,20.1,132.7,131.8,94,-20.7,94.8
Image_0963.jpg,20.1,132.7,131.5,94,-20.7,94.8
Image_0964.jpg,20.1,132.7,131.2,94,-20.7,94.8
Image_0965.jpg,20.1,132.7,130.9,94,-20.7,94.8
Image_0966.jpg,20.1,132.7,130.6,94,-20.7,94.8
Image_0967.jpg,20.1,132.7,130.3,94,-20.7,94.8
Image_0968.jpg,20.1,132.7,130,94,-20.7,94.8
Image_0969.jpg,20.1,132.7,129.7,94,-20.7,94.8
Image_0970.jpg,20.1,132.7,129.4,94,-20.7,94.8
Image_0971.jpg,20.1,132.7,129.1,94,-20.7,94.8
Image_0972.jpg,20.1,132.7,128.8,94,-20.7,94.8
Image_0973.jpg,20.1,132.7,128.5,94,-20.7,94.8
Image_0974.jpg,20.1,132.7,128.2,94,-20.7,94.8
Image_0975.jpg,20.1,132.7,127.9,94,-20.7,94.8
Image_0976.jpg,20.1,132.7,127.6,94,-20.7,94.8
Image_0977.jpg,20.1,132.7,127.3,94,-20.7,94.8
Image_0978.jpg,20.1,132.7,127,94,-20.7,94.8
Image_0979.jpg,20.1,132.7,126.7,94,-20.7,94.8
Image_0980.jpg,20.1,132.7,126.4,94,-20.7,94.8
Image_0981.jpg,20.1,132.7,126.1,94,-20.7,94.8
Image_0982.jpg,20.1,132.7,125.8,94,-20.7,94.8
Image_0983.jpg,20.1,132.7,125.5,94,-20.7,94.8
Image_0984.jpg,20.1,132.7,125.2,94,-20.7,94.8
Image_0985.jpg,20.1,132.7,124.9,94,-20.7,94.8
Image_0986.jpg,20.1,132.7,124.6,94,-20.7,94.8
Image_0987.jpg,20.1,132.7,124.3,94,-20.7,94.8
Image_0988.jpg,20.1,132.7,124,94,-20.7,94.8
Image_0989.jpg,20.1,132.7,123.7,94,-20.7,94.8
Image_0990.jpg,20.1,132.7,123.4,94,-20.7,94.8
Image_0991.jpg,20.1,132.7,123.1,94,-20.7,94.8
Image_0992.jpg,20.1,132.7,122.8,94,-20.7,94.8
